时间,经度,维度
2020-07-10 12:31:09,121.4127124,31.1766991
2020-07-10 12:31:09,121.4127132,31.1767014
2020-07-10 12:31:09,121.4127145,31.1767029
2020-07-10 12:31:10,121.4127167,31.1767049
2020-07-10 12:31:10,121.412717,31.1767063
2020-07-10 12:31:10,121.4127167,31.1767063
2020-07-10 12:31:10,121.412717,31.1767063
2020-07-10 12:31:11,121.4127171,31.1767063
2020-07-10 12:31:11,121.4127167,31.1767064
2020-07-10 12:31:11,121.4127168,31.1767059
2020-07-10 12:31:11,121.4127164,31.1767055
2020-07-10 12:31:11,121.4127159,31.1767052
2020-07-10 12:31:12,121.4127153,31.1767051
2020-07-10 12:31:12,121.4127153,31.176705
2020-07-10 12:31:12,121.4127153,31.176705
2020-07-10 12:31:12,121.4127151,31.1767051
2020-07-10 12:31:14,121.412712,31.1767051
2020-07-10 12:31:14,121.412712,31.1767049
2020-07-10 12:31:14,121.4127117,31.1767048
2020-07-10 12:31:14,121.4127116,31.1767047
2020-07-10 12:31:15,121.4127115,31.1767047
2020-07-10 12:31:15,121.4127115,31.1767046
2020-07-10 12:31:15,121.4127111,31.1767045
2020-07-10 12:31:15,121.4127109,31.1767045
2020-07-10 12:31:15,121.412711,31.1767045
2020-07-10 12:31:16,121.4127108,31.1767046
2020-07-10 12:31:16,121.4127108,31.1767047
2020-07-10 12:31:16,121.412711,31.1767046
2020-07-10 12:31:17,121.4127109,31.1767047
2020-07-10 12:31:17,121.4127109,31.1767047
2020-07-10 12:31:17,121.4127108,31.1767048
2020-07-10 12:31:17,121.4127108,31.1767048
2020-07-10 12:31:17,121.4127107,31.1767049
2020-07-10 12:31:18,121.4127106,31.1767049
2020-07-10 12:31:18,121.4127105,31.176705
2020-07-10 12:31:18,121.4127102,31.1767052
2020-07-10 12:31:18,121.41271,31.1767053
2020-07-10 12:31:18,121.4127098,31.1767055
2020-07-10 12:31:19,121.4127096,31.1767055
2020-07-10 12:31:19,121.4127096,31.1767056
2020-07-10 12:31:19,121.4127097,31.1767056
2020-07-10 12:31:19,121.4127097,31.1767057
2020-07-10 12:31:19,121.4127097,31.1767057
2020-07-10 12:31:20,121.4127098,31.1767058
2020-07-10 12:31:20,121.4127098,31.1767059
2020-07-10 12:31:20,121.4127097,31.1767059
2020-07-10 12:31:20,121.4127097,31.1767059
2020-07-10 12:31:20,121.4127097,31.176706
2020-07-10 12:31:21,121.4127097,31.1767061
2020-07-10 12:31:21,121.4127097,31.1767062
2020-07-10 12:31:21,121.4127098,31.1767063
2020-07-10 12:31:21,121.4127098,31.1767064
2020-07-10 12:31:21,121.4127102,31.1767065
2020-07-10 12:31:22,121.4127105,31.1767066
2020-07-10 12:31:22,121.4127108,31.1767066
2020-07-10 12:31:22,121.4127111,31.1767068
2020-07-10 12:31:22,121.4127113,31.1767067
2020-07-10 12:31:22,121.4127117,31.1767067
2020-07-10 12:31:23,121.4127115,31.1767074
2020-07-10 12:31:23,121.4127115,31.1767078
2020-07-10 12:31:23,121.4127112,31.1767076
2020-07-10 12:31:23,121.4127111,31.1767073
2020-07-10 12:31:23,121.4127097,31.1767076
2020-07-10 12:31:24,121.4127093,31.176708
2020-07-10 12:31:24,121.4127126,31.1767069
2020-07-10 12:31:25,121.4127213,31.176706
2020-07-10 12:31:25,121.4127213,31.176706
2020-07-10 12:31:25,121.4127397,31.1767042
2020-07-10 12:31:26,121.4127482,31.176703
2020-07-10 12:31:26,121.4127565,31.1767012
2020-07-10 12:31:26,121.4127655,31.176699
2020-07-10 12:31:26,121.4127755,31.1766966
2020-07-10 12:31:26,121.4127862,31.176694
2020-07-10 12:31:27,121.4127976,31.1766911
2020-07-10 12:31:27,121.4128099,31.1766884
2020-07-10 12:31:27,121.4128233,31.176686
2020-07-10 12:31:27,121.4128375,31.1766833
2020-07-10 12:31:27,121.4128532,31.1766808
2020-07-10 12:31:28,121.4128712,31.176678
2020-07-10 12:31:28,121.4128913,31.1766742
2020-07-10 12:31:28,121.4129135,31.1766701
2020-07-10 12:31:28,121.4129368,31.1766659
2020-07-10 12:31:28,121.412961,31.1766619
2020-07-10 12:31:29,121.4130093,31.1766533
2020-07-10 12:31:29,121.4130313,31.1766497
2020-07-10 12:31:29,121.4130514,31.176646
2020-07-10 12:31:29,121.4130682,31.1766421
2020-07-10 12:31:30,121.4130819,31.176639
2020-07-10 12:31:30,121.4130915,31.1766366
2020-07-10 12:31:30,121.4130981,31.1766343
2020-07-10 12:31:30,121.4131038,31.1766324
2020-07-10 12:31:30,121.4131094,31.1766305
2020-07-10 12:31:31,121.4131153,31.1766285
2020-07-10 12:31:31,121.4131219,31.1766262
2020-07-10 12:31:31,121.4131293,31.1766241
2020-07-10 12:31:31,121.4131375,31.1766219
2020-07-10 12:31:31,121.4131468,31.1766195
2020-07-10 12:31:32,121.4131581,31.1766164
2020-07-10 12:31:32,121.4131715,31.1766129
2020-07-10 12:31:32,121.4131869,31.176609
2020-07-10 12:31:32,121.4132037,31.1766044
2020-07-10 12:31:32,121.4132217,31.1765992
2020-07-10 12:31:33,121.4132405,31.1765938
2020-07-10 12:31:33,121.4132599,31.1765881
2020-07-10 12:31:33,121.4132795,31.1765825
2020-07-10 12:31:33,121.4132994,31.1765767
2020-07-10 12:31:33,121.4133199,31.1765706
2020-07-10 12:31:34,121.4133411,31.1765641
2020-07-10 12:31:34,121.4133627,31.1765572
2020-07-10 12:31:34,121.4133845,31.1765502
2020-07-10 12:31:34,121.4134063,31.1765431
2020-07-10 12:31:34,121.4134282,31.1765359
2020-07-10 12:31:35,121.4134504,31.1765285
2020-07-10 12:31:35,121.4134727,31.1765209
2020-07-10 12:31:35,121.4134954,31.1765131
2020-07-10 12:31:35,121.4135186,31.1765051
2020-07-10 12:31:35,121.413542,31.176497
2020-07-10 12:31:36,121.4135656,31.1764889
2020-07-10 12:31:36,121.413589,31.1764807
2020-07-10 12:31:36,121.4136123,31.1764726
2020-07-10 12:31:36,121.4136355,31.1764647
2020-07-10 12:31:36,121.4136586,31.1764566
2020-07-10 12:31:37,121.4136816,31.1764485
2020-07-10 12:31:37,121.4137047,31.1764401
2020-07-10 12:31:37,121.4137278,31.1764316
2020-07-10 12:31:37,121.4137512,31.176423
2020-07-10 12:31:37,121.4137746,31.1764143
2020-07-10 12:31:38,121.4138218,31.1763965
2020-07-10 12:31:38,121.4138454,31.1763875
2020-07-10 12:31:38,121.4138454,31.1763875
2020-07-10 12:31:38,121.4138692,31.1763783
2020-07-10 12:31:38,121.4138928,31.1763691
2020-07-10 12:31:39,121.4139164,31.1763598
2020-07-10 12:31:39,121.4139401,31.1763504
2020-07-10 12:31:39,121.4139638,31.176341
2020-07-10 12:31:39,121.4139877,31.1763316
2020-07-10 12:31:39,121.4140117,31.176322
2020-07-10 12:31:40,121.414036,31.1763123
2020-07-10 12:31:40,121.4140602,31.1763026
2020-07-10 12:31:40,121.4140845,31.1762929
2020-07-10 12:31:40,121.4141087,31.1762832
2020-07-10 12:31:40,121.4141325,31.1762735
2020-07-10 12:31:41,121.4141562,31.1762639
2020-07-10 12:31:41,121.4141794,31.1762543
2020-07-10 12:31:41,121.4142023,31.1762447
2020-07-10 12:31:41,121.4142251,31.176235
2020-07-10 12:31:41,121.4142477,31.1762253
2020-07-10 12:31:42,121.41427,31.1762156
2020-07-10 12:31:42,121.4142917,31.1762059
2020-07-10 12:31:42,121.4143341,31.1761871
2020-07-10 12:31:42,121.4143547,31.176178
2020-07-10 12:31:43,121.414375,31.1761689
2020-07-10 12:31:43,121.414436,31.1761422
2020-07-10 12:31:43,121.4144564,31.1761333
2020-07-10 12:31:44,121.4144968,31.1761155
2020-07-10 12:31:44,121.4145169,31.1761066
2020-07-10 12:31:44,121.4145368,31.1760979
2020-07-10 12:31:44,121.4145565,31.1760893
2020-07-10 12:31:45,121.4145761,31.1760808
2020-07-10 12:31:45,121.4145956,31.1760723
2020-07-10 12:31:45,121.414615,31.176064
2020-07-10 12:31:45,121.4146343,31.1760557
2020-07-10 12:31:45,121.4146534,31.1760476
2020-07-10 12:31:46,121.4146722,31.1760395
2020-07-10 12:31:46,121.4146909,31.1760315
2020-07-10 12:31:46,121.4147095,31.1760235
2020-07-10 12:31:46,121.4147282,31.1760154
2020-07-10 12:31:46,121.4147468,31.1760072
2020-07-10 12:31:47,121.4147654,31.1759991
2020-07-10 12:31:47,121.4147837,31.175991
2020-07-10 12:31:47,121.4148016,31.1759831
2020-07-10 12:31:47,121.4148193,31.1759753
2020-07-10 12:31:47,121.4148368,31.1759675
2020-07-10 12:31:48,121.4148543,31.1759598
2020-07-10 12:31:48,121.4148722,31.1759519
2020-07-10 12:31:48,121.4148901,31.1759439
2020-07-10 12:31:48,121.4149266,31.1759277
2020-07-10 12:31:49,121.4149452,31.1759195
2020-07-10 12:31:49,121.4149643,31.1759112
2020-07-10 12:31:49,121.414984,31.1759026
2020-07-10 12:31:49,121.4150044,31.1758938
2020-07-10 12:31:49,121.4150251,31.175885
2020-07-10 12:31:50,121.4150464,31.1758759
2020-07-10 12:31:50,121.4150679,31.1758667
2020-07-10 12:31:50,121.4150899,31.1758573
2020-07-10 12:31:50,121.4151121,31.1758478
2020-07-10 12:31:50,121.4151347,31.1758383
2020-07-10 12:31:51,121.4151577,31.1758287
2020-07-10 12:31:51,121.4151808,31.1758191
2020-07-10 12:31:51,121.4152275,31.1757998
2020-07-10 12:31:51,121.4152512,31.1757901
2020-07-10 12:31:52,121.4152751,31.1757804
2020-07-10 12:31:52,121.4152995,31.1757706
2020-07-10 12:31:52,121.4153241,31.1757608
2020-07-10 12:31:52,121.4153492,31.175751
2020-07-10 12:31:52,121.4153744,31.1757413
2020-07-10 12:31:53,121.4153999,31.1757316
2020-07-10 12:31:53,121.4154255,31.1757219
2020-07-10 12:31:53,121.4154511,31.1757123
2020-07-10 12:31:53,121.4154768,31.1757027
2020-07-10 12:31:53,121.4155025,31.1756931
2020-07-10 12:31:54,121.4155283,31.1756835
2020-07-10 12:31:54,121.4155539,31.1756737
2020-07-10 12:31:54,121.4155793,31.175664
2020-07-10 12:31:54,121.4156048,31.1756543
2020-07-10 12:31:54,121.4156302,31.1756446
2020-07-10 12:31:55,121.4156806,31.1756254
2020-07-10 12:31:55,121.4157301,31.1756063
2020-07-10 12:31:55,121.4157528,31.1755979
2020-07-10 12:31:56,121.4157736,31.1755902
2020-07-10 12:31:56,121.4157916,31.1755835
2020-07-10 12:31:56,121.4158065,31.1755781
2020-07-10 12:31:56,121.4158181,31.175574
2020-07-10 12:31:56,121.4158266,31.1755712
2020-07-10 12:31:57,121.4158318,31.1755697
2020-07-10 12:31:57,121.4158348,31.1755692
2020-07-10 12:31:57,121.4158369,31.175569
2020-07-10 12:31:57,121.4158385,31.1755689
2020-07-10 12:31:57,121.4158399,31.1755691
2020-07-10 12:31:58,121.4158414,31.1755691
2020-07-10 12:31:58,121.4158424,31.1755688
2020-07-10 12:31:58,121.4158428,31.1755683
2020-07-10 12:31:58,121.4158431,31.1755677
2020-07-10 12:31:58,121.4158431,31.1755674
2020-07-10 12:31:59,121.4158431,31.1755673
2020-07-10 12:31:59,121.415843,31.1755671
2020-07-10 12:31:59,121.4158427,31.1755671
2020-07-10 12:31:59,121.4158424,31.175567
2020-07-10 12:31:59,121.4158421,31.1755671
2020-07-10 12:32:00,121.4158418,31.1755672
2020-07-10 12:32:00,121.4158414,31.1755673
2020-07-10 12:32:00,121.4158412,31.1755673
2020-07-10 12:32:00,121.415841,31.1755673
2020-07-10 12:32:00,121.4158408,31.1755673
2020-07-10 12:32:01,121.4158405,31.1755674
2020-07-10 12:32:01,121.4158403,31.1755674
2020-07-10 12:32:01,121.4158402,31.1755674
2020-07-10 12:32:01,121.4158401,31.1755674
2020-07-10 12:32:02,121.4158401,31.1755674
2020-07-10 12:32:02,121.4158401,31.1755674
2020-07-10 12:32:02,121.41584,31.1755674
2020-07-10 12:32:02,121.4158399,31.1755674
2020-07-10 12:32:02,121.4158397,31.1755675
2020-07-10 12:32:02,121.4158392,31.1755675
2020-07-10 12:32:03,121.4158387,31.1755674
2020-07-10 12:32:03,121.4158383,31.1755675
2020-07-10 12:32:03,121.4158383,31.1755676
2020-07-10 12:32:03,121.415838,31.1755681
2020-07-10 12:32:03,121.4158379,31.1755684
2020-07-10 12:32:04,121.4158381,31.1755694
2020-07-10 12:32:04,121.4158396,31.1755714
2020-07-10 12:32:04,121.4158425,31.1755749
2020-07-10 12:32:04,121.4158468,31.1755797
2020-07-10 12:32:04,121.4158525,31.1755857
2020-07-10 12:32:05,121.4158595,31.175593
2020-07-10 12:32:05,121.4158769,31.1756109
2020-07-10 12:32:05,121.4158872,31.1756214
2020-07-10 12:32:05,121.4158985,31.1756329
2020-07-10 12:32:06,121.4159106,31.1756452
2020-07-10 12:32:06,121.4159237,31.1756584
2020-07-10 12:32:06,121.4159375,31.1756724
2020-07-10 12:32:06,121.4159515,31.1756864
2020-07-10 12:32:06,121.4159653,31.1756998
2020-07-10 12:32:07,121.415978,31.175712
2020-07-10 12:32:07,121.4159976,31.1757317
2020-07-10 12:32:07,121.416004,31.1757385
2020-07-10 12:32:07,121.4160083,31.1757433
2020-07-10 12:32:08,121.4160109,31.175746
2020-07-10 12:32:08,121.4160123,31.1757473
2020-07-10 12:32:08,121.4160136,31.1757479
2020-07-10 12:32:08,121.4160159,31.1757487
2020-07-10 12:32:08,121.4160159,31.1757487
2020-07-10 12:32:09,121.4160178,31.1757492
2020-07-10 12:32:09,121.4160185,31.1757494
2020-07-10 12:32:09,121.4160188,31.1757496
2020-07-10 12:32:09,121.416019,31.1757497
2020-07-10 12:32:10,121.416019,31.1757498
2020-07-10 12:32:10,121.4160189,31.1757498
2020-07-10 12:32:10,121.4160182,31.1757497
2020-07-10 12:32:10,121.4160175,31.1757498
2020-07-10 12:32:10,121.4160172,31.17575
2020-07-10 12:32:11,121.4160171,31.1757501
2020-07-10 12:32:11,121.4160171,31.1757499
2020-07-10 12:32:11,121.4160172,31.1757496
2020-07-10 12:32:11,121.416017,31.1757493
2020-07-10 12:32:12,121.4160161,31.1757459
2020-07-10 12:32:12,121.4160152,31.1757414
2020-07-10 12:32:12,121.416014,31.1757349
2020-07-10 12:32:12,121.4160125,31.1757264
2020-07-10 12:32:12,121.4160107,31.1757162
2020-07-10 12:32:13,121.4160089,31.1757041
2020-07-10 12:32:13,121.4160068,31.1756905
2020-07-10 12:32:13,121.4160048,31.1756753
2020-07-10 12:32:13,121.4160036,31.1756587
2020-07-10 12:32:13,121.4160035,31.1756411
2020-07-10 12:32:14,121.4160042,31.1756224
2020-07-10 12:32:14,121.4160059,31.1756027
2020-07-10 12:32:14,121.4160086,31.1755822
2020-07-10 12:32:14,121.4160122,31.1755609
2020-07-10 12:32:14,121.4160167,31.1755388
2020-07-10 12:32:15,121.4160223,31.1755162
2020-07-10 12:32:15,121.4160285,31.1754929
2020-07-10 12:32:15,121.4160357,31.1754691
2020-07-10 12:32:15,121.4160435,31.175445
2020-07-10 12:32:15,121.4160521,31.1754205
2020-07-10 12:32:16,121.4160612,31.1753957
2020-07-10 12:32:16,121.416071,31.1753706
2020-07-10 12:32:16,121.4160811,31.1753454
2020-07-10 12:32:16,121.4160918,31.1753201
2020-07-10 12:32:16,121.4161029,31.1752945
2020-07-10 12:32:17,121.4161144,31.175269
2020-07-10 12:32:17,121.4161263,31.1752434
2020-07-10 12:32:17,121.4161512,31.1751919
2020-07-10 12:32:17,121.4161645,31.1751663
2020-07-10 12:32:18,121.4161786,31.175141
2020-07-10 12:32:18,121.4161932,31.1751157
2020-07-10 12:32:18,121.4162084,31.1750907
2020-07-10 12:32:18,121.4162243,31.1750658
2020-07-10 12:32:19,121.4162581,31.1750171
2020-07-10 12:32:19,121.4162762,31.1749933
2020-07-10 12:32:19,121.4162946,31.1749699
2020-07-10 12:32:19,121.4163136,31.1749468
2020-07-10 12:32:19,121.4163329,31.1749242
2020-07-10 12:32:20,121.4163521,31.1749021
2020-07-10 12:32:20,121.4163716,31.1748804
2020-07-10 12:32:20,121.4163915,31.174859
2020-07-10 12:32:20,121.4164114,31.1748379
2020-07-10 12:32:20,121.4164317,31.174817
2020-07-10 12:32:21,121.4164521,31.1747962
2020-07-10 12:32:21,121.4164728,31.1747757
2020-07-10 12:32:21,121.4165146,31.174735
2020-07-10 12:32:21,121.4165359,31.1747147
2020-07-10 12:32:22,121.4165574,31.1746946
2020-07-10 12:32:22,121.4165791,31.1746745
2020-07-10 12:32:22,121.4166008,31.1746546
2020-07-10 12:32:22,121.4166226,31.1746348
2020-07-10 12:32:22,121.4166445,31.174615
2020-07-10 12:32:23,121.4166667,31.1745954
2020-07-10 12:32:23,121.4166888,31.174576
2020-07-10 12:32:23,121.4167109,31.1745567
2020-07-10 12:32:23,121.4167329,31.1745376
2020-07-10 12:32:23,121.416755,31.1745184
2020-07-10 12:32:24,121.4167771,31.1744992
2020-07-10 12:32:24,121.4167993,31.1744799
2020-07-10 12:32:24,121.4168216,31.1744606
2020-07-10 12:32:24,121.4168438,31.1744414
2020-07-10 12:32:24,121.4168661,31.1744221
2020-07-10 12:32:25,121.4168884,31.1744027
2020-07-10 12:32:25,121.4169106,31.1743835
2020-07-10 12:32:25,121.4169328,31.1743644
2020-07-10 12:32:26,121.4170846,31.1742307
2020-07-10 12:32:27,121.4171063,31.1742116
2020-07-10 12:32:27,121.4171281,31.1741924
2020-07-10 12:32:27,121.4171499,31.1741733
2020-07-10 12:32:27,121.4171719,31.1741541
2020-07-10 12:32:27,121.4171938,31.1741348
2020-07-10 12:32:28,121.4172158,31.1741156
2020-07-10 12:32:28,121.4172379,31.1740963
2020-07-10 12:32:28,121.4172598,31.1740771
2020-07-10 12:32:28,121.417282,31.1740578
2020-07-10 12:32:44,121.4183351,31.1732143
2020-07-10 12:32:45,121.4183352,31.1732142
2020-07-10 12:32:45,121.4183353,31.1732141
2020-07-10 12:32:45,121.4183352,31.173214
2020-07-10 12:32:53,121.4181049,31.1733571
2020-07-10 12:32:53,121.4180873,31.1733681
2020-07-10 12:32:53,121.4180696,31.1733792
2020-07-10 12:32:53,121.4180696,31.1733792
2020-07-10 12:32:54,121.4180339,31.1734015
2020-07-10 12:32:54,121.418016,31.1734126
2020-07-10 12:32:55,121.4179625,31.1734458
2020-07-10 12:32:55,121.4179448,31.1734568
2020-07-10 12:32:55,121.4179272,31.1734678
2020-07-10 12:32:55,121.4179096,31.1734788
2020-07-10 12:32:55,121.4178921,31.1734897
2020-07-10 12:32:56,121.4178747,31.1735006
2020-07-10 12:32:56,121.4178573,31.1735113
2020-07-10 12:32:56,121.41784,31.1735219
2020-07-10 12:32:56,121.4178228,31.1735325
2020-07-10 12:32:57,121.4177375,31.1735851
2020-07-10 12:32:57,121.4177205,31.1735956
2020-07-10 12:32:58,121.4177036,31.1736061
2020-07-10 12:32:58,121.4176867,31.1736167
2020-07-10 12:32:58,121.4176697,31.1736272
2020-07-10 12:32:58,121.4176529,31.1736378
2020-07-10 12:32:58,121.4176359,31.1736483
2020-07-10 12:32:59,121.4176191,31.1736588
2020-07-10 12:32:59,121.4176023,31.1736692
2020-07-10 12:32:59,121.4175856,31.1736796
2020-07-10 12:32:59,121.4175523,31.1737004
2020-07-10 12:33:00,121.4175189,31.1737211
2020-07-10 12:33:00,121.4175021,31.1737316
2020-07-10 12:33:00,121.4174853,31.173742
2020-07-10 12:33:00,121.4174684,31.1737524
2020-07-10 12:33:01,121.4174515,31.1737629
2020-07-10 12:33:01,121.4174176,31.173784
2020-07-10 12:33:01,121.4174006,31.1737945
2020-07-10 12:33:01,121.4173836,31.173805
2020-07-10 12:33:02,121.4173666,31.1738156
2020-07-10 12:33:03,121.4172786,31.17387
2020-07-10 12:33:03,121.41726,31.1738818
2020-07-10 12:33:03,121.4172423,31.1738929
2020-07-10 12:33:03,121.4172263,31.173903
2020-07-10 12:33:03,121.4172125,31.1739117
2020-07-10 12:33:04,121.4172011,31.1739188
2020-07-10 12:33:04,121.417192,31.1739242
2020-07-10 12:33:04,121.4171852,31.1739281
2020-07-10 12:33:04,121.4171808,31.1739304
2020-07-10 12:33:04,121.4171782,31.1739318
2020-07-10 12:33:05,121.4171766,31.1739329
2020-07-10 12:33:05,121.4171753,31.1739338
2020-07-10 12:33:05,121.4171743,31.1739345
2020-07-10 12:33:05,121.4171735,31.1739352
2020-07-10 12:33:05,121.417173,31.1739359
2020-07-10 12:33:06,121.4171722,31.1739368
2020-07-10 12:33:06,121.4171708,31.1739369
2020-07-10 12:33:06,121.4171681,31.1739359
2020-07-10 12:33:06,121.4171639,31.1739334
2020-07-10 12:33:06,121.4171584,31.1739292
2020-07-10 12:33:07,121.4171515,31.1739233
2020-07-10 12:33:07,121.4171434,31.1739157
2020-07-10 12:33:07,121.4171332,31.1739071
2020-07-10 12:33:07,121.4171073,31.173888
2020-07-10 12:33:08,121.4170745,31.1738666
2020-07-10 12:33:08,121.4170557,31.1738553
2020-07-10 12:33:08,121.4170353,31.1738437
2020-07-10 12:33:08,121.4170135,31.1738319
2020-07-10 12:33:09,121.4169904,31.1738199
2020-07-10 12:33:09,121.4169662,31.1738076
2020-07-10 12:33:09,121.4169411,31.173795
2020-07-10 12:33:09,121.4169153,31.1737821
2020-07-10 12:33:09,121.4168889,31.1737686
2020-07-10 12:33:10,121.4168622,31.1737546
2020-07-10 12:33:10,121.4168352,31.1737399
2020-07-10 12:33:10,121.4168081,31.1737247
2020-07-10 12:33:10,121.4167809,31.1737088
2020-07-10 12:33:10,121.4167534,31.1736924
2020-07-10 12:33:11,121.4167259,31.1736755
2020-07-10 12:33:11,121.4166984,31.1736581
2020-07-10 12:33:11,121.4166709,31.1736403
2020-07-10 12:33:11,121.4166433,31.1736222
2020-07-10 12:33:14,121.4161867,31.1733258
2020-07-10 12:33:15,121.4161617,31.1733121
2020-07-10 12:33:15,121.4161393,31.1733
2020-07-10 12:33:15,121.4161196,31.1732894
2020-07-10 12:33:15,121.4161024,31.1732803
2020-07-10 12:33:16,121.4160878,31.1732727
2020-07-10 12:33:16,121.4160756,31.1732664
2020-07-10 12:33:16,121.4160657,31.1732615
2020-07-10 12:33:16,121.4160583,31.1732581
2020-07-10 12:33:16,121.4160534,31.1732559
2020-07-10 12:33:17,121.416048,31.1732536
2020-07-10 12:33:17,121.4160463,31.1732529
2020-07-10 12:33:17,121.4160434,31.1732519
2020-07-10 12:33:17,121.4160423,31.1732515
2020-07-10 12:33:18,121.4160415,31.1732512
2020-07-10 12:33:18,121.4160409,31.1732509
2020-07-10 12:33:18,121.4160404,31.1732507
2020-07-10 12:33:18,121.4160401,31.1732505
2020-07-10 12:33:18,121.4160399,31.1732503
2020-07-10 12:33:19,121.41604,31.1732502
2020-07-10 12:33:19,121.41604,31.1732501
2020-07-10 12:33:19,121.4160402,31.17325
2020-07-10 12:33:19,121.4160405,31.17325
2020-07-10 12:33:19,121.4160407,31.1732501
2020-07-10 12:33:20,121.4160409,31.1732501
2020-07-10 12:33:20,121.416041,31.1732502
2020-07-10 12:33:20,121.4160412,31.1732503
2020-07-10 12:33:20,121.4160413,31.1732504
2020-07-10 12:33:20,121.416041,31.1732501
2020-07-10 12:33:21,121.4160389,31.1732495
2020-07-10 12:33:21,121.4160346,31.1732481
2020-07-10 12:33:21,121.4160281,31.1732459
2020-07-10 12:33:21,121.4160195,31.1732429
2020-07-10 12:33:21,121.4160088,31.1732392
2020-07-10 12:33:22,121.4159815,31.1732299
2020-07-10 12:33:22,121.4159276,31.1732112
2020-07-10 12:33:23,121.4159066,31.1732041
2020-07-10 12:33:23,121.4158842,31.1731964
2020-07-10 12:33:23,121.4158606,31.1731884
2020-07-10 12:33:23,121.4158358,31.17318
2020-07-10 12:33:23,121.41581,31.1731713
2020-07-10 12:33:24,121.4157832,31.1731622
2020-07-10 12:33:24,121.4157553,31.173153
2020-07-10 12:33:24,121.4157268,31.1731435
2020-07-10 12:33:24,121.4156975,31.1731338
2020-07-10 12:33:24,121.4156676,31.1731239
2020-07-10 12:33:25,121.415637,31.1731139
2020-07-10 12:33:25,121.4156058,31.1731036
2020-07-10 12:33:25,121.415574,31.1730934
2020-07-10 12:33:25,121.4155418,31.1730831
2020-07-10 12:33:25,121.415509,31.1730729
2020-07-10 12:33:26,121.4154757,31.1730631
2020-07-10 12:33:26,121.4154418,31.1730536
2020-07-10 12:33:26,121.4154077,31.1730444
2020-07-10 12:33:26,121.4153731,31.1730357
2020-07-10 12:33:26,121.4153382,31.1730274
2020-07-10 12:33:27,121.415303,31.1730196
2020-07-10 12:33:29,121.4149019,31.1729588
2020-07-10 12:33:29,121.4148645,31.1729549
2020-07-10 12:33:29,121.4148272,31.1729513
2020-07-10 12:33:29,121.4147898,31.1729478
2020-07-10 12:33:30,121.4147524,31.1729444
2020-07-10 12:33:30,121.4147151,31.1729409
2020-07-10 12:33:30,121.4146777,31.1729373
2020-07-10 12:33:30,121.4146404,31.1729335
2020-07-10 12:33:30,121.4146032,31.1729295
2020-07-10 12:33:31,121.4145658,31.1729254
2020-07-10 12:33:31,121.4145285,31.172921
2020-07-10 12:33:31,121.4144912,31.1729165
2020-07-10 12:33:31,121.4144539,31.1729117
2020-07-10 12:33:32,121.4144165,31.1729067
2020-07-10 12:33:32,121.4143792,31.1729016
2020-07-10 12:33:32,121.4143419,31.1728964
2020-07-10 12:33:32,121.4143048,31.1728909
2020-07-10 12:33:32,121.4142677,31.1728853
2020-07-10 12:33:32,121.4142307,31.1728796
2020-07-10 12:33:33,121.4141937,31.1728738
2020-07-10 12:33:33,121.4141567,31.1728679
2020-07-10 12:33:33,121.4141199,31.1728619
2020-07-10 12:33:33,121.4140829,31.1728557
2020-07-10 12:33:33,121.4140462,31.1728495
2020-07-10 12:33:34,121.4140095,31.1728432
2020-07-10 12:33:40,121.412772,31.172614
2020-07-10 12:33:41,121.4127362,31.1726071
2020-07-10 12:33:41,121.4127004,31.1726002
2020-07-10 12:33:41,121.4126647,31.1725933
2020-07-10 12:33:41,121.412629,31.1725865
2020-07-10 12:33:41,121.4125931,31.1725797
2020-07-10 12:33:42,121.4125212,31.1725662
2020-07-10 12:33:42,121.4124853,31.1725595
2020-07-10 12:33:42,121.4124493,31.1725528
2020-07-10 12:33:43,121.4124132,31.1725461
2020-07-10 12:33:43,121.4123771,31.1725394
2020-07-10 12:33:43,121.412341,31.1725327
2020-07-10 12:33:43,121.4123049,31.1725261
2020-07-10 12:33:43,121.4122687,31.1725194
2020-07-10 12:33:44,121.4122325,31.1725128
2020-07-10 12:33:44,121.4121963,31.1725061
2020-07-10 12:33:44,121.41216,31.1724994
2020-07-10 12:33:44,121.4121237,31.1724927
2020-07-10 12:33:44,121.4120874,31.1724859
2020-07-10 12:33:45,121.4120511,31.1724793
2020-07-10 12:33:45,121.4119785,31.1724661
2020-07-10 12:33:45,121.4119424,31.1724596
2020-07-10 12:33:45,121.4119062,31.1724531
2020-07-10 12:33:45,121.4118701,31.1724466
2020-07-10 12:33:46,121.411834,31.1724401
2020-07-10 12:33:46,121.4117979,31.1724335
2020-07-10 12:33:46,121.4117618,31.172427
2020-07-10 12:33:46,121.4117257,31.1724205
2020-07-10 12:33:46,121.4116896,31.1724139
2020-07-10 12:33:47,121.4116535,31.1724074
2020-07-10 12:33:47,121.4116174,31.1724009
2020-07-10 12:33:47,121.4115815,31.1723945
2020-07-10 12:33:47,121.4115463,31.1723882
2020-07-10 12:33:47,121.4115119,31.172382
2020-07-10 12:33:48,121.4114784,31.172376
2020-07-10 12:33:48,121.4114461,31.1723702
2020-07-10 12:33:48,121.411415,31.1723647
2020-07-10 12:33:48,121.411385,31.1723593
2020-07-10 12:33:48,121.4113562,31.1723543
2020-07-10 12:33:49,121.4113289,31.1723496
2020-07-10 12:33:49,121.4113035,31.1723451
2020-07-10 12:33:49,121.4112804,31.1723407
2020-07-10 12:33:49,121.4112422,31.1723328
2020-07-10 12:33:50,121.4112165,31.1723268
2020-07-10 12:33:50,121.4112075,31.1723243
2020-07-10 12:33:50,121.4112007,31.1723219
2020-07-10 12:33:51,121.4111952,31.1723195
2020-07-10 12:33:51,121.4111909,31.172317
2020-07-10 12:33:51,121.4111877,31.1723146
2020-07-10 12:33:51,121.4111854,31.1723122
2020-07-10 12:33:51,121.411184,31.1723095
2020-07-10 12:33:51,121.4111831,31.1723069
2020-07-10 12:33:52,121.4111824,31.1723045
2020-07-10 12:33:52,121.411182,31.1723024
2020-07-10 12:33:52,121.411182,31.1723006
2020-07-10 12:33:52,121.4111824,31.1722995
2020-07-10 12:33:52,121.411183,31.1722992
2020-07-10 12:33:53,121.4111839,31.1722997
2020-07-10 12:33:53,121.4111851,31.1723008
2020-07-10 12:33:53,121.4111867,31.1723027
2020-07-10 12:33:53,121.4111886,31.1723053
2020-07-10 12:33:53,121.4111904,31.1723084
2020-07-10 12:33:54,121.4111923,31.1723122
2020-07-10 12:33:54,121.4111942,31.1723164
2020-07-10 12:33:54,121.4111963,31.172321
2020-07-10 12:33:54,121.4111983,31.1723261
2020-07-10 12:33:54,121.4112005,31.1723314
2020-07-10 12:33:55,121.4112024,31.1723371
2020-07-10 12:33:55,121.4112045,31.172343
2020-07-10 12:33:55,121.4112064,31.1723491
2020-07-10 12:33:55,121.4112082,31.1723555
2020-07-10 12:33:55,121.4112101,31.1723621
2020-07-10 12:33:56,121.4112119,31.1723688
2020-07-10 12:33:56,121.4112136,31.1723756
2020-07-10 12:33:56,121.4112154,31.1723826
2020-07-10 12:33:56,121.4112169,31.1723895
2020-07-10 12:33:56,121.4112184,31.1723967
2020-07-10 12:33:57,121.4112197,31.1724039
2020-07-10 12:33:57,121.411221,31.1724113
2020-07-10 12:33:57,121.4112223,31.1724189
2020-07-10 12:33:57,121.4112238,31.1724265
2020-07-10 12:33:57,121.4112254,31.1724343
2020-07-10 12:33:58,121.4112272,31.1724421
2020-07-10 12:33:58,121.4112292,31.17245
2020-07-10 12:33:58,121.4112314,31.172458
2020-07-10 12:33:58,121.4112371,31.172474
2020-07-10 12:33:59,121.4112403,31.172482
2020-07-10 12:33:59,121.4112435,31.1724903
2020-07-10 12:33:59,121.4112465,31.1724986
2020-07-10 12:33:59,121.4112494,31.172507
2020-07-10 12:33:59,121.4112521,31.1725156
2020-07-10 12:34:00,121.4112547,31.1725243
2020-07-10 12:34:00,121.4112573,31.1725331
2020-07-10 12:34:00,121.4112596,31.1725419
2020-07-10 12:34:00,121.4112618,31.1725508
2020-07-10 12:34:01,121.4112638,31.1725598
2020-07-10 12:34:01,121.4112657,31.1725688
2020-07-10 12:34:01,121.4112675,31.172578
2020-07-10 12:34:01,121.4112692,31.1725871
2020-07-10 12:34:01,121.4112707,31.1725963
2020-07-10 12:34:01,121.411272,31.1726055
2020-07-10 12:34:02,121.4112733,31.1726148
2020-07-10 12:34:02,121.4112746,31.1726242
2020-07-10 12:34:02,121.4112758,31.1726335
2020-07-10 12:34:02,121.4112769,31.172643
2020-07-10 12:34:02,121.4112781,31.1726524
2020-07-10 12:34:03,121.4112791,31.1726619
2020-07-10 12:34:03,121.4112801,31.1726713
2020-07-10 12:34:03,121.411281,31.1726808
2020-07-10 12:34:03,121.4112818,31.1726903
2020-07-10 12:34:03,121.4112827,31.1726999
2020-07-10 12:34:04,121.4112835,31.1727095
2020-07-10 12:34:05,121.411287,31.1727578
2020-07-10 12:34:05,121.4112875,31.1727673
2020-07-10 12:34:05,121.411288,31.1727769
2020-07-10 12:34:05,121.4112885,31.1727863
2020-07-10 12:34:05,121.4112889,31.1727958
2020-07-10 12:34:06,121.4112893,31.1728051
2020-07-10 12:34:06,121.4112897,31.1728146
2020-07-10 12:34:06,121.41129,31.172824
2020-07-10 12:34:06,121.4112903,31.1728333
2020-07-10 12:34:06,121.4112905,31.1728426
2020-07-10 12:34:07,121.4112907,31.172852
2020-07-10 12:34:07,121.4112909,31.1728613
2020-07-10 12:34:07,121.4112911,31.1728707
2020-07-10 12:34:07,121.4112912,31.1728799
2020-07-10 12:34:07,121.4112912,31.1728892
2020-07-10 12:34:08,121.4112915,31.1729077
2020-07-10 12:34:08,121.4112916,31.1729169
2020-07-10 12:34:08,121.4112918,31.1729262
2020-07-10 12:34:12,121.4112971,31.1731008
2020-07-10 12:34:12,121.4112978,31.17311
2020-07-10 12:34:13,121.4112985,31.1731192
2020-07-10 12:34:13,121.4112991,31.1731283
2020-07-10 12:34:13,121.4112997,31.1731374
2020-07-10 12:34:13,121.4113002,31.1731464
2020-07-10 12:34:13,121.4113011,31.1731553
2020-07-10 12:34:13,121.4113022,31.1731641
2020-07-10 12:34:14,121.4113034,31.1731729
2020-07-10 12:34:14,121.4113049,31.1731816
2020-07-10 12:34:14,121.4113085,31.173199
2020-07-10 12:34:14,121.4113106,31.1732077
2020-07-10 12:34:15,121.4113129,31.1732165
2020-07-10 12:34:15,121.4113153,31.1732251
2020-07-10 12:34:15,121.4113179,31.1732339
2020-07-10 12:34:15,121.4113208,31.1732427
2020-07-10 12:34:16,121.4113236,31.1732514
2020-07-10 12:34:16,121.4113267,31.1732602
2020-07-10 12:34:16,121.4113297,31.1732689
2020-07-10 12:34:16,121.4113331,31.1732776
2020-07-10 12:34:16,121.4113365,31.1732862
2020-07-10 12:34:17,121.41134,31.1732948
2020-07-10 12:34:17,121.4113436,31.1733035
2020-07-10 12:34:17,121.4113473,31.173312
2020-07-10 12:34:17,121.4113511,31.1733206
2020-07-10 12:34:17,121.4113549,31.1733292
2020-07-10 12:34:17,121.4113587,31.1733378
2020-07-10 12:34:18,121.4113624,31.1733464
2020-07-10 12:34:18,121.4113664,31.173355
2020-07-10 12:34:18,121.4113702,31.1733636
2020-07-10 12:34:18,121.4113741,31.1733722
2020-07-10 12:34:18,121.411378,31.1733807
2020-07-10 12:34:19,121.4113819,31.1733892
2020-07-10 12:34:19,121.4113858,31.1733976
2020-07-10 12:34:19,121.4113897,31.173406
2020-07-10 12:34:19,121.4113976,31.1734227
2020-07-10 12:34:20,121.4114016,31.1734311
2020-07-10 12:34:20,121.4114056,31.1734394
2020-07-10 12:34:20,121.4114097,31.1734476
2020-07-10 12:34:20,121.4114138,31.1734558
2020-07-10 12:34:20,121.4114182,31.1734638
2020-07-10 12:34:21,121.4114232,31.1734716
2020-07-10 12:34:21,121.4114286,31.1734789
2020-07-10 12:34:21,121.4114344,31.1734861
2020-07-10 12:34:21,121.4114407,31.173493
2020-07-10 12:34:21,121.4114474,31.1734997
2020-07-10 12:34:22,121.4114545,31.1735061
2020-07-10 12:34:22,121.411462,31.1735121
2020-07-10 12:34:22,121.4114698,31.1735181
2020-07-10 12:34:22,121.4114776,31.173524
2020-07-10 12:34:22,121.4114853,31.17353
2020-07-10 12:34:23,121.411493,31.1735361
2020-07-10 12:34:23,121.4115004,31.1735423
2020-07-10 12:34:23,121.4115076,31.1735487
2020-07-10 12:34:23,121.4115145,31.1735553
2020-07-10 12:34:23,121.4115213,31.173562
2020-07-10 12:34:24,121.4115279,31.1735689
2020-07-10 12:34:24,121.4115343,31.1735759
2020-07-10 12:34:24,121.4115408,31.1735832
2020-07-10 12:34:24,121.411553,31.1735982
2020-07-10 12:34:25,121.4115591,31.173606
2020-07-10 12:34:25,121.4115653,31.1736136
2020-07-10 12:34:25,121.4115719,31.1736211
2020-07-10 12:34:25,121.4115789,31.1736284
2020-07-10 12:34:25,121.4115861,31.1736355
2020-07-10 12:34:26,121.4115938,31.1736427
2020-07-10 12:34:26,121.4116018,31.1736498
2020-07-10 12:34:26,121.4116101,31.173657
2020-07-10 12:34:26,121.4116188,31.1736641
2020-07-10 12:34:27,121.4116371,31.1736784
2020-07-10 12:34:27,121.4116466,31.1736856
2020-07-10 12:34:27,121.4116564,31.1736927
2020-07-10 12:34:27,121.4116663,31.1737
2020-07-10 12:34:27,121.4116764,31.1737073
2020-07-10 12:34:28,121.4116867,31.1737146
2020-07-10 12:34:28,121.4116971,31.1737222
2020-07-10 12:34:28,121.4117078,31.1737298
2020-07-10 12:34:28,121.4117187,31.1737377
2020-07-10 12:34:28,121.4117299,31.1737457
2020-07-10 12:34:29,121.4117414,31.1737539
2020-07-10 12:34:29,121.4117532,31.1737623
2020-07-10 12:34:29,121.4117651,31.173771
2020-07-10 12:34:29,121.4117773,31.1737798
2020-07-10 12:34:29,121.4117898,31.1737889
2020-07-10 12:34:30,121.4118026,31.1737981
2020-07-10 12:34:30,121.4118157,31.1738078
2020-07-10 12:34:30,121.4118295,31.173818
2020-07-10 12:34:30,121.4118439,31.173829
2020-07-10 12:34:30,121.4118593,31.173841
2020-07-10 12:34:31,121.4118755,31.1738537
2020-07-10 12:34:31,121.4118926,31.1738672
2020-07-10 12:34:31,121.4119104,31.1738816
2020-07-10 12:34:31,121.4119291,31.1738965
2020-07-10 12:34:31,121.4119484,31.1739122
2020-07-10 12:34:32,121.4119683,31.1739283
2020-07-10 12:34:32,121.4119889,31.1739449
2020-07-10 12:34:32,121.4120099,31.1739621
2020-07-10 12:34:32,121.4120312,31.1739796
2020-07-10 12:34:33,121.4120529,31.1739976
2020-07-10 12:34:33,121.4120749,31.174016
2020-07-10 12:34:33,121.41212,31.1740538
2020-07-10 12:34:33,121.412143,31.1740732
2020-07-10 12:34:33,121.4121662,31.1740928
2020-07-10 12:34:34,121.4121896,31.1741125
2020-07-10 12:34:34,121.4122131,31.1741323
2020-07-10 12:34:34,121.4122369,31.174152
2020-07-10 12:34:34,121.4122608,31.1741719
2020-07-10 12:34:34,121.4122848,31.1741918
2020-07-10 12:34:35,121.4123088,31.1742118
2020-07-10 12:34:35,121.412333,31.1742318
2020-07-10 12:34:35,121.4123573,31.1742518
2020-07-10 12:34:35,121.4123817,31.1742718
2020-07-10 12:34:35,121.412406,31.1742918
2020-07-10 12:34:36,121.4124306,31.1743119
2020-07-10 12:34:36,121.4124796,31.1743519
2020-07-10 12:34:36,121.4125041,31.174372
2020-07-10 12:34:36,121.4125282,31.1743928
2020-07-10 12:34:37,121.4125501,31.1744152
2020-07-10 12:34:37,121.41257,31.1744383
2020-07-10 12:34:37,121.412588,31.1744619
2020-07-10 12:34:37,121.4126188,31.1745108
2020-07-10 12:34:38,121.4126316,31.174536
2020-07-10 12:34:38,121.4126426,31.1745619
2020-07-10 12:34:38,121.4126524,31.1745882
2020-07-10 12:34:38,121.4126524,31.1745882
2020-07-10 12:34:38,121.4126609,31.174615
2020-07-10 12:34:38,121.4126682,31.1746423
2020-07-10 12:34:39,121.4126745,31.17467
2020-07-10 12:34:39,121.4126796,31.1746981
2020-07-10 12:34:39,121.4126839,31.1747264
2020-07-10 12:34:39,121.4126874,31.1747551
2020-07-10 12:34:39,121.41269,31.1747839
2020-07-10 12:34:40,121.412692,31.1748129
2020-07-10 12:34:40,121.4126932,31.1748422
2020-07-10 12:34:40,121.412694,31.1748717
2020-07-10 12:34:40,121.4126943,31.1749014
2020-07-10 12:34:40,121.4126942,31.1749313
2020-07-10 12:34:41,121.412693,31.1749917
2020-07-10 12:34:41,121.4126918,31.1750223
2020-07-10 12:34:41,121.4126902,31.1750529
2020-07-10 12:34:41,121.4126885,31.1750838
2020-07-10 12:34:42,121.4126864,31.1751148
2020-07-10 12:34:42,121.4126843,31.1751458
2020-07-10 12:34:42,121.4126819,31.1751769
2020-07-10 12:34:42,121.4126795,31.175208
2020-07-10 12:34:43,121.4126771,31.1752391
2020-07-10 12:34:43,121.4126745,31.1752702
2020-07-10 12:34:43,121.4126718,31.1753012
2020-07-10 12:34:43,121.4126687,31.1753324
2020-07-10 12:34:43,121.4126655,31.1753636
2020-07-10 12:34:43,121.4126622,31.1753947
2020-07-10 12:34:44,121.4126586,31.1754258
2020-07-10 12:34:44,121.4126548,31.175457
2020-07-10 12:34:44,121.4126506,31.1754883
2020-07-10 12:34:44,121.4126463,31.1755195
2020-07-10 12:34:44,121.4126419,31.1755508
2020-07-10 12:34:45,121.4126329,31.1756136
2020-07-10 12:34:45,121.4126278,31.1756452
2020-07-10 12:34:45,121.4126209,31.1756768
2020-07-10 12:34:46,121.4126118,31.1757077
2020-07-10 12:34:46,121.4126011,31.1757377
2020-07-10 12:34:46,121.4125888,31.1757668
2020-07-10 12:34:46,121.4125747,31.175795
2020-07-10 12:34:46,121.4125592,31.1758223
2020-07-10 12:34:47,121.412542,31.1758486
2020-07-10 12:34:47,121.4125235,31.175874
2020-07-10 12:34:47,121.4125039,31.1758987
2020-07-10 12:34:47,121.4124833,31.1759227
2020-07-10 12:34:47,121.4124617,31.175946
2020-07-10 12:34:47,121.4124395,31.175969
2020-07-10 12:34:48,121.4124167,31.1759917
2020-07-10 12:34:48,121.4123935,31.1760143
2020-07-10 12:34:48,121.41237,31.1760367
2020-07-10 12:34:48,121.4123462,31.1760592
2020-07-10 12:34:48,121.412322,31.1760816
2020-07-10 12:34:49,121.4122726,31.1761263
2020-07-10 12:34:49,121.4122472,31.1761484
2020-07-10 12:34:49,121.4122214,31.1761705
2020-07-10 12:34:49,121.4121958,31.1761928
2020-07-10 12:34:50,121.4121703,31.1762154
2020-07-10 12:34:50,121.412145,31.1762382
2020-07-10 12:34:50,121.4121199,31.1762613
2020-07-10 12:34:50,121.412095,31.1762846
2020-07-10 12:34:50,121.4120704,31.1763083
2020-07-10 12:34:51,121.412046,31.1763322
2020-07-10 12:34:51,121.4120219,31.1763563
2020-07-10 12:34:51,121.4119983,31.1763802
2020-07-10 12:34:51,121.4119754,31.1764037
2020-07-10 12:34:51,121.4119529,31.1764267
2020-07-10 12:34:52,121.4119314,31.1764492
2020-07-10 12:34:52,121.4119106,31.1764712
2020-07-10 12:34:52,121.4118907,31.1764925
2020-07-10 12:34:52,121.4118714,31.1765131
2020-07-10 12:34:52,121.411853,31.1765331
2020-07-10 12:34:53,121.4118357,31.1765524
2020-07-10 12:34:53,121.4118193,31.1765709
2020-07-10 12:34:53,121.411804,31.1765889
2020-07-10 12:34:53,121.4117898,31.1766063
2020-07-10 12:34:53,121.4117767,31.1766231
2020-07-10 12:34:54,121.4117646,31.1766394
2020-07-10 12:34:54,121.4117536,31.176655
2020-07-10 12:34:54,121.4117435,31.1766698
2020-07-10 12:34:54,121.4117348,31.1766842
2020-07-10 12:34:55,121.4117272,31.176698
2020-07-10 12:34:55,121.4117205,31.1767113
2020-07-10 12:34:55,121.4117147,31.1767242
2020-07-10 12:34:55,121.4117097,31.1767366
2020-07-10 12:34:55,121.4117054,31.1767486
2020-07-10 12:34:55,121.4117018,31.1767602
2020-07-10 12:34:56,121.4116987,31.1767715
2020-07-10 12:34:56,121.4116962,31.1767825
2020-07-10 12:34:56,121.4116943,31.1767931
2020-07-10 12:34:56,121.4116928,31.1768036
2020-07-10 12:34:56,121.4116918,31.1768137
2020-07-10 12:34:57,121.4116913,31.1768236
2020-07-10 12:34:57,121.411691,31.1768333
2020-07-10 12:34:57,121.4116911,31.1768427
2020-07-10 12:34:57,121.4116915,31.176852
2020-07-10 12:34:57,121.4116924,31.1768612
2020-07-10 12:34:58,121.4116936,31.1768701
2020-07-10 12:35:04,121.4117804,31.1771355
2020-07-10 12:35:04,121.411779,31.1771431
2020-07-10 12:35:04,121.4117768,31.1771499
2020-07-10 12:35:05,121.4117739,31.1771561
2020-07-10 12:35:05,121.4117705,31.1771616
2020-07-10 12:35:05,121.4117665,31.1771662
2020-07-10 12:35:05,121.4117626,31.1771695
2020-07-10 12:35:05,121.4117593,31.1771717
2020-07-10 12:35:06,121.4117565,31.1771735
2020-07-10 12:35:06,121.4117542,31.1771745
2020-07-10 12:35:06,121.4117528,31.1771748
2020-07-10 12:35:06,121.4117521,31.1771743
2020-07-10 12:35:06,121.4117522,31.1771733
2020-07-10 12:35:07,121.4117532,31.1771716
2020-07-10 12:35:07,121.4117549,31.1771696
2020-07-10 12:35:07,121.4117573,31.177167
2020-07-10 12:35:07,121.4117604,31.1771641
2020-07-10 12:35:07,121.411764,31.1771609
2020-07-10 12:35:08,121.4117683,31.1771574
2020-07-10 12:35:08,121.411773,31.1771535
2020-07-10 12:35:08,121.411778,31.177149
2020-07-10 12:35:08,121.411783,31.177144
2020-07-10 12:35:08,121.4117883,31.1771387
2020-07-10 12:35:09,121.4117937,31.1771329
2020-07-10 12:35:09,121.4118047,31.1771206
2020-07-10 12:35:09,121.4118103,31.1771139
2020-07-10 12:35:09,121.4118159,31.1771068
2020-07-10 12:35:10,121.4118216,31.1770995
2020-07-10 12:35:10,121.4118273,31.1770919
2020-07-10 12:35:10,121.4118331,31.1770839
2020-07-10 12:35:10,121.4118389,31.1770756
2020-07-10 12:35:14,121.4119629,31.1768733
2020-07-10 12:35:14,121.4119702,31.1768607
2020-07-10 12:35:14,121.4119776,31.1768481
2020-07-10 12:35:15,121.411985,31.1768354
2020-07-10 12:35:15,121.4119926,31.1768225
2020-07-10 12:35:15,121.4120003,31.1768094
2020-07-10 12:35:15,121.4120082,31.1767961
2020-07-10 12:35:15,121.4120163,31.1767826
2020-07-10 12:35:16,121.4120245,31.176769
2020-07-10 12:35:16,121.4120328,31.1767551
2020-07-10 12:35:16,121.4120412,31.1767412
2020-07-10 12:35:16,121.4120498,31.176727
2020-07-10 12:35:17,121.4120587,31.1767123
2020-07-10 12:35:17,121.4120679,31.176697
2020-07-10 12:35:17,121.4120775,31.1766809
2020-07-10 12:35:17,121.4120877,31.1766637
2020-07-10 12:35:17,121.4120985,31.1766455
2020-07-10 12:35:17,121.4121098,31.1766264
2020-07-10 12:35:34,121.4138284,31.1749514
2020-07-10 12:35:34,121.4138546,31.1749352
2020-07-10 12:35:34,121.4138808,31.174919
2020-07-10 12:35:34,121.4139072,31.1749029
2020-07-10 12:35:35,121.4139337,31.1748869
2020-07-10 12:35:35,121.4139603,31.1748711
2020-07-10 12:35:35,121.4139871,31.1748553
2020-07-10 12:35:35,121.414014,31.1748397
2020-07-10 12:35:35,121.4140411,31.1748243
2020-07-10 12:35:36,121.4140683,31.1748092
2020-07-10 12:35:36,121.4140957,31.1747942
2020-07-10 12:35:36,121.4141234,31.1747795
2020-07-10 12:35:36,121.4141509,31.174765
2020-07-10 12:35:36,121.4141786,31.1747508
2020-07-10 12:35:37,121.4142062,31.1747368
2020-07-10 12:35:37,121.4142341,31.1747232
2020-07-10 12:35:37,121.414262,31.1747099
2020-07-10 12:35:37,121.4142904,31.1746968
2020-07-10 12:35:37,121.414319,31.1746841
2020-07-10 12:35:38,121.4143477,31.1746714
2020-07-10 12:35:38,121.4144058,31.1746468
2020-07-10 12:35:38,121.4144353,31.1746348
2020-07-10 12:35:38,121.4144647,31.1746231
2020-07-10 12:35:39,121.4144944,31.1746116
2020-07-10 12:35:39,121.4145238,31.1746002
2020-07-10 12:35:39,121.4145536,31.174589
2020-07-10 12:35:39,121.4145832,31.1745781
2020-07-10 12:35:39,121.414613,31.1745673
2020-07-10 12:35:40,121.4146426,31.1745567
2020-07-10 12:35:40,121.4146723,31.1745464
2020-07-10 12:35:40,121.414702,31.1745363
2020-07-10 12:35:40,121.4147316,31.1745263
2020-07-10 12:35:40,121.4147612,31.1745166
2020-07-10 12:35:41,121.4147906,31.1745071
2020-07-10 12:35:41,121.4148201,31.1744978
2020-07-10 12:35:41,121.4148494,31.1744886
2020-07-10 12:35:41,121.414879,31.1744796
2020-07-10 12:35:41,121.4149082,31.1744707
2020-07-10 12:35:42,121.4149375,31.1744621
2020-07-10 12:35:46,121.415644,31.1743248
2020-07-10 12:35:46,121.4156766,31.1743242
2020-07-10 12:35:47,121.4157094,31.1743245
2020-07-10 12:35:47,121.4157424,31.1743256
2020-07-10 12:35:47,121.4157754,31.1743273
2020-07-10 12:35:47,121.4158083,31.1743299
2020-07-10 12:35:48,121.4158737,31.1743368
2020-07-10 12:35:48,121.4159061,31.1743412
2020-07-10 12:35:48,121.4159388,31.1743463
2020-07-10 12:35:48,121.4159713,31.1743515
2020-07-10 12:35:48,121.4160037,31.1743573
2020-07-10 12:35:49,121.416036,31.1743636
2020-07-10 12:35:49,121.4160674,31.1743698
2020-07-10 12:35:49,121.4160985,31.1743764
2020-07-10 12:35:49,121.4161288,31.1743831
2020-07-10 12:35:49,121.4161288,31.1743831
2020-07-10 12:35:49,121.4161585,31.1743901
2020-07-10 12:35:50,121.4161877,31.1743972
2020-07-10 12:35:50,121.4162167,31.1744046
2020-07-10 12:35:50,121.4162456,31.1744122
2020-07-10 12:35:50,121.4162746,31.17442
2020-07-10 12:35:50,121.4163036,31.1744281
2020-07-10 12:35:51,121.4163325,31.1744364
2020-07-10 12:35:51,121.4163611,31.1744449
2020-07-10 12:35:51,121.4163898,31.1744538
2020-07-10 12:35:51,121.4164181,31.1744628
2020-07-10 12:35:51,121.4164463,31.174472
2020-07-10 12:35:52,121.4164743,31.1744814
2020-07-10 12:35:52,121.4165021,31.1744909
2020-07-10 12:35:52,121.4165296,31.1745007
2020-07-10 12:35:52,121.4165569,31.1745107
2020-07-10 12:35:52,121.416584,31.1745209
2020-07-10 12:35:53,121.4166109,31.1745313
2020-07-10 12:35:53,121.4166378,31.1745418
2020-07-10 12:35:53,121.4166645,31.1745525
2020-07-10 12:35:53,121.4166913,31.1745635
2020-07-10 12:35:53,121.4167182,31.1745747
2020-07-10 12:35:54,121.416745,31.1745862
2020-07-10 12:35:54,121.4167984,31.1746099
2020-07-10 12:35:54,121.416825,31.1746221
2020-07-10 12:35:54,121.4168517,31.1746345
2020-07-10 12:35:55,121.4168782,31.1746471
2020-07-10 12:35:55,121.4169045,31.1746598
2020-07-10 12:35:55,121.4169307,31.1746728
2020-07-10 12:35:55,121.4169569,31.174686
2020-07-10 12:35:55,121.4169832,31.1746993
2020-07-10 12:35:56,121.4170096,31.1747131
2020-07-10 12:35:56,121.4170361,31.1747269
2020-07-10 12:35:56,121.4170626,31.1747409
2020-07-10 12:35:56,121.4170891,31.1747549
2020-07-10 12:35:56,121.4171157,31.1747691
2020-07-10 12:35:57,121.417142,31.1747834
2020-07-10 12:35:57,121.4171686,31.1747978
2020-07-10 12:35:57,121.417195,31.1748122
2020-07-10 12:35:57,121.4172214,31.1748267
2020-07-10 12:35:57,121.4172478,31.1748412
2020-07-10 12:35:58,121.4172742,31.1748557
2020-07-10 12:35:58,121.4173007,31.1748703
2020-07-10 12:35:58,121.4173274,31.174885
2020-07-10 12:36:00,121.4176537,31.1750589
2020-07-10 12:36:01,121.4176818,31.1750729
2020-07-10 12:36:01,121.4177387,31.1751009
2020-07-10 12:36:01,121.4177674,31.1751148
2020-07-10 12:36:01,121.4177964,31.1751286
2020-07-10 12:36:02,121.4178256,31.1751424
2020-07-10 12:36:02,121.4178549,31.1751563
2020-07-10 12:36:02,121.4178845,31.1751702
2020-07-10 12:36:02,121.4179441,31.175198
2020-07-10 12:36:03,121.417974,31.1752118
2020-07-10 12:36:03,121.418004,31.1752257
2020-07-10 12:36:03,121.418034,31.1752396
2020-07-10 12:36:03,121.4180638,31.1752534
2020-07-10 12:36:03,121.4180937,31.1752672
2020-07-10 12:36:04,121.4181236,31.1752809
2020-07-10 12:36:04,121.4181536,31.1752948
2020-07-10 12:36:04,121.4181838,31.1753085
2020-07-10 12:36:13,121.4187205,31.1755636
2020-07-10 12:36:13,121.4186934,31.1755544
2020-07-10 12:36:13,121.4186651,31.1755453
2020-07-10 12:36:13,121.4186359,31.1755366
2020-07-10 12:36:14,121.4186055,31.1755282
2020-07-10 12:36:14,121.4185745,31.17552
2020-07-10 12:36:14,121.4185427,31.175512
2020-07-10 12:36:14,121.4185102,31.1755045
2020-07-10 12:36:14,121.4184769,31.1754974
2020-07-10 12:36:15,121.4184432,31.1754907
2020-07-10 12:36:15,121.4184089,31.1754845
2020-07-10 12:36:15,121.4183743,31.175479
2020-07-10 12:36:15,121.4183395,31.1754742
2020-07-10 12:36:15,121.4183045,31.17547
2020-07-10 12:36:16,121.4182694,31.1754665
2020-07-10 12:36:16,121.418234,31.1754637
2020-07-10 12:36:16,121.4181985,31.1754615
2020-07-10 12:36:16,121.4181627,31.17546
2020-07-10 12:36:16,121.4181269,31.175459
2020-07-10 12:36:17,121.418091,31.1754584
2020-07-10 12:36:17,121.4180555,31.1754581
2020-07-10 12:36:17,121.4180206,31.1754579
2020-07-10 12:36:17,121.4179856,31.1754581
2020-07-10 12:36:17,121.4179503,31.1754586
2020-07-10 12:36:18,121.4178786,31.1754613
2020-07-10 12:36:18,121.4178422,31.1754639
2020-07-10 12:36:18,121.4178058,31.1754671
2020-07-10 12:36:18,121.4177692,31.175471
2020-07-10 12:36:19,121.4177326,31.1754756
2020-07-10 12:36:19,121.4176959,31.1754809
2020-07-10 12:36:19,121.4176223,31.1754936
2020-07-10 12:36:19,121.4175856,31.1755008
2020-07-10 12:36:20,121.4175488,31.1755085
2020-07-10 12:36:20,121.4175122,31.1755167
2020-07-10 12:36:20,121.4174392,31.1755343
2020-07-10 12:36:20,121.4174027,31.1755437
2020-07-10 12:36:21,121.4173663,31.1755533
2020-07-10 12:36:21,121.41733,31.1755632
2020-07-10 12:36:21,121.4172937,31.1755735
2020-07-10 12:36:21,121.4172576,31.1755839
2020-07-10 12:36:21,121.4172215,31.1755945
2020-07-10 12:36:22,121.4171854,31.1756052
2020-07-10 12:36:22,121.4171493,31.1756161
2020-07-10 12:36:22,121.4171132,31.1756271
2020-07-10 12:36:22,121.4170773,31.1756382
2020-07-10 12:36:22,121.4170414,31.1756494
2020-07-10 12:36:23,121.4170055,31.1756607
2020-07-10 12:36:23,121.4169697,31.1756721
2020-07-10 12:36:23,121.4169339,31.1756834
2020-07-10 12:36:23,121.4168981,31.1756949
2020-07-10 12:36:23,121.4168624,31.1757064
2020-07-10 12:36:24,121.4168268,31.1757179
2020-07-10 12:36:24,121.4167913,31.1757294
2020-07-10 12:36:24,121.416756,31.175741
2020-07-10 12:36:24,121.4167207,31.1757527
2020-07-10 12:36:24,121.4166854,31.1757643
2020-07-10 12:36:25,121.4166502,31.1757761
2020-07-10 12:36:25,121.4166151,31.1757879
2020-07-10 12:36:25,121.4165799,31.1757997
2020-07-10 12:36:25,121.4165449,31.1758116
2020-07-10 12:36:25,121.4165099,31.1758235
2020-07-10 12:36:26,121.4164749,31.1758355
2020-07-10 12:36:26,121.41644,31.1758474
2020-07-10 12:36:26,121.4164051,31.1758594
2020-07-10 12:36:26,121.4163702,31.1758714
2020-07-10 12:36:26,121.4163354,31.1758834
2020-07-10 12:36:27,121.4163007,31.1758954
2020-07-10 12:36:27,121.416266,31.1759074
2020-07-10 12:36:27,121.4162315,31.1759194
2020-07-10 12:36:27,121.416197,31.1759312
2020-07-10 12:36:27,121.4161625,31.1759431
2020-07-10 12:36:28,121.416128,31.175955
2020-07-10 12:36:28,121.4160936,31.1759668
2020-07-10 12:36:28,121.4160591,31.1759785
2020-07-10 12:36:28,121.4160246,31.1759902
2020-07-10 12:36:28,121.4159901,31.1760019
2020-07-10 12:36:29,121.4159555,31.1760135
2020-07-10 12:36:29,121.4159208,31.1760251
2020-07-10 12:36:29,121.4158861,31.1760365
2020-07-10 12:36:29,121.4158513,31.1760476
2020-07-10 12:36:29,121.4158163,31.1760585
2020-07-10 12:36:30,121.4157811,31.1760692
2020-07-10 12:36:30,121.4157459,31.1760796
2020-07-10 12:36:30,121.4157104,31.1760898
2020-07-10 12:36:30,121.415675,31.1760998
2020-07-10 12:36:30,121.4156394,31.1761095
2020-07-10 12:36:31,121.4156036,31.1761192
2020-07-10 12:36:31,121.4155677,31.1761286
2020-07-10 12:36:31,121.4155318,31.176138
2020-07-10 12:36:31,121.4154956,31.1761472
2020-07-10 12:36:31,121.4154956,31.1761472
2020-07-10 12:36:31,121.4154594,31.1761563
2020-07-10 12:36:32,121.4154232,31.1761652
2020-07-10 12:36:32,121.415387,31.176174
2020-07-10 12:36:32,121.4153508,31.1761826
2020-07-10 12:36:32,121.4153147,31.1761911
2020-07-10 12:36:32,121.4152786,31.1761995
2020-07-10 12:36:33,121.4152425,31.1762079
2020-07-10 12:36:33,121.4152066,31.1762163
2020-07-10 12:36:33,121.4151708,31.1762246
2020-07-10 12:36:33,121.415135,31.176233
2020-07-10 12:36:33,121.4150995,31.1762414
2020-07-10 12:36:34,121.4150641,31.1762498
2020-07-10 12:36:34,121.4150288,31.1762583
2020-07-10 12:36:34,121.4149935,31.1762668
2020-07-10 12:36:34,121.4149583,31.1762754
2020-07-10 12:36:35,121.4148879,31.1762928
2020-07-10 12:36:35,121.4148527,31.1763016
2020-07-10 12:36:35,121.4148175,31.1763105
2020-07-10 12:36:35,121.4147822,31.1763195
2020-07-10 12:36:35,121.414747,31.1763286
2020-07-10 12:36:36,121.4147118,31.1763378
2020-07-10 12:36:36,121.4146766,31.176347
2020-07-10 12:36:36,121.4146414,31.1763562
2020-07-10 12:36:36,121.4146062,31.1763655
2020-07-10 12:36:36,121.414571,31.1763749
2020-07-10 12:36:37,121.4145359,31.1763843
2020-07-10 12:36:37,121.4145006,31.1763938
2020-07-10 12:36:37,121.4144653,31.1764032
2020-07-10 12:36:37,121.41443,31.1764126
2020-07-10 12:36:37,121.4143946,31.176422
2020-07-10 12:36:38,121.4143592,31.1764313
2020-07-10 12:36:38,121.4143238,31.1764404
2020-07-10 12:36:38,121.4142883,31.1764493
2020-07-10 12:36:38,121.4142528,31.1764578
2020-07-10 12:36:38,121.414217,31.1764658
2020-07-10 12:36:39,121.4141813,31.1764734
2020-07-10 12:36:39,121.4141455,31.1764807
2020-07-10 12:36:39,121.4141097,31.1764875
2020-07-10 12:36:39,121.4140738,31.1764941
2020-07-10 12:36:39,121.414038,31.1765004
2020-07-10 12:36:40,121.4140024,31.1765066
2020-07-10 12:36:40,121.413967,31.1765126
2020-07-10 12:36:40,121.4139322,31.1765186
2020-07-10 12:36:40,121.4138982,31.1765244
2020-07-10 12:36:40,121.4138654,31.1765299
2020-07-10 12:36:41,121.4138342,31.1765352
2020-07-10 12:36:41,121.4138047,31.1765402
2020-07-10 12:36:41,121.413777,31.1765448
2020-07-10 12:36:41,121.4137268,31.1765536
2020-07-10 12:36:42,121.413704,31.1765575
2020-07-10 12:36:42,121.4136825,31.1765613
2020-07-10 12:36:42,121.4136625,31.1765649
2020-07-10 12:36:42,121.4136438,31.1765682
2020-07-10 12:36:42,121.4136264,31.1765714
2020-07-10 12:36:43,121.4136103,31.1765743
2020-07-10 12:36:43,121.4135955,31.1765771
2020-07-10 12:36:43,121.4135818,31.1765796
2020-07-10 12:36:43,121.4135701,31.1765818
2020-07-10 12:36:43,121.4135605,31.1765834
2020-07-10 12:36:44,121.4135525,31.1765848
2020-07-10 12:36:44,121.4135458,31.176586
2020-07-10 12:36:44,121.4135393,31.176587
2020-07-10 12:36:44,121.413525,31.1765884
2020-07-10 12:36:45,121.4135159,31.1765896
2020-07-10 12:36:45,121.4135051,31.1765919
2020-07-10 12:36:45,121.4134924,31.1765941
2020-07-10 12:36:45,121.4134783,31.1765967
2020-07-10 12:36:45,121.4134624,31.1765992
2020-07-10 12:36:46,121.413445,31.1766017
2020-07-10 12:36:46,121.4134265,31.176604
2020-07-10 12:36:46,121.413407,31.176606
2020-07-10 12:36:46,121.4133868,31.1766077
2020-07-10 12:36:46,121.4133665,31.1766091
2020-07-10 12:36:46,121.4133665,31.1766091
2020-07-10 12:36:47,121.4133462,31.1766104
2020-07-10 12:36:47,121.4133256,31.1766114
2020-07-10 12:36:47,121.4133048,31.1766123
2020-07-10 12:36:47,121.4132838,31.176613
2020-07-10 12:36:47,121.4132623,31.1766135
2020-07-10 12:36:48,121.4132407,31.1766138
2020-07-10 12:36:48,121.4132186,31.176614
2020-07-10 12:36:48,121.4131963,31.176614
2020-07-10 12:36:48,121.4131737,31.176614
2020-07-10 12:36:48,121.4131508,31.1766138
2020-07-10 12:36:49,121.4131281,31.1766134
2020-07-10 12:36:49,121.4131054,31.1766131
2020-07-10 12:36:49,121.4130838,31.176613
2020-07-10 12:36:49,121.4130645,31.176613
2020-07-10 12:36:49,121.4130484,31.1766132
2020-07-10 12:36:50,121.413035,31.1766137
2020-07-10 12:36:50,121.413025,31.1766138
2020-07-10 12:36:50,121.4130182,31.1766139
2020-07-10 12:36:50,121.4130143,31.1766139
2020-07-10 12:36:50,121.4130121,31.1766141
2020-07-10 12:36:51,121.4130104,31.1766143
2020-07-10 12:36:51,121.413009,31.1766145
2020-07-10 12:36:51,121.4130081,31.1766146
2020-07-10 12:36:51,121.4130066,31.1766147
2020-07-10 12:36:51,121.4130038,31.1766154
2020-07-10 12:36:52,121.4129997,31.1766164
2020-07-10 12:36:52,121.4129945,31.1766179
2020-07-10 12:36:52,121.4129883,31.1766197
2020-07-10 12:36:52,121.4129812,31.1766217
2020-07-10 12:36:52,121.4129735,31.176624
2020-07-10 12:36:53,121.4129648,31.1766267
2020-07-10 12:36:53,121.4129555,31.1766297
2020-07-10 12:36:53,121.4129457,31.1766328
2020-07-10 12:36:53,121.412936,31.1766359
2020-07-10 12:36:53,121.4129263,31.176639
2020-07-10 12:36:54,121.4129172,31.176642
2020-07-10 12:36:54,121.4129082,31.1766447
2020-07-10 12:36:54,121.4128996,31.1766472
2020-07-10 12:36:54,121.4128912,31.1766496
2020-07-10 12:36:54,121.4128831,31.1766519
2020-07-10 12:36:55,121.4128754,31.1766539
2020-07-10 12:36:55,121.4128682,31.1766559
2020-07-10 12:36:55,121.412861,31.1766579
2020-07-10 12:36:55,121.4128536,31.17666
2020-07-10 12:36:55,121.412846,31.1766621
2020-07-10 12:36:56,121.4128378,31.1766646
2020-07-10 12:36:56,121.4128291,31.1766672
2020-07-10 12:36:56,121.4128202,31.1766701
2020-07-10 12:36:56,121.4128111,31.1766726
2020-07-10 12:36:56,121.412803,31.1766753
2020-07-10 12:36:57,121.412796,31.1766775
2020-07-10 12:36:57,121.41279,31.1766793
2020-07-10 12:36:57,121.4127849,31.1766808
2020-07-10 12:36:57,121.4127802,31.1766823
2020-07-10 12:36:57,121.4127752,31.1766839
2020-07-10 12:36:58,121.4127698,31.1766859
2020-07-10 12:36:58,121.4127639,31.176688
2020-07-10 12:36:58,121.412758,31.1766901
2020-07-10 12:36:58,121.4127519,31.1766923
2020-07-10 12:36:58,121.4127457,31.1766945
2020-07-10 12:36:59,121.4127392,31.176697
2020-07-10 12:36:59,121.4127322,31.1766993
2020-07-10 12:36:59,121.4127248,31.176702
2020-07-10 12:36:59,121.4127172,31.1767047
2020-07-10 12:36:59,121.4127098,31.176707
2020-07-10 12:37:00,121.4127028,31.1767093
2020-07-10 12:37:00,121.4126965,31.1767115
2020-07-10 12:37:00,121.4126911,31.1767131
2020-07-10 12:37:00,121.4126867,31.1767145
2020-07-10 12:37:00,121.4126833,31.1767155
2020-07-10 12:37:01,121.4126808,31.1767163
2020-07-10 12:37:01,121.4126796,31.1767169
2020-07-10 12:37:01,121.4126787,31.1767172
2020-07-10 12:37:01,121.4126784,31.1767175
2020-07-10 12:37:02,121.4126784,31.1767178
2020-07-10 12:37:02,121.4126783,31.1767179
2020-07-10 12:37:02,121.4126779,31.1767181
2020-07-10 12:37:02,121.4126777,31.1767184
2020-07-10 12:37:02,121.4126775,31.1767186
2020-07-10 12:37:02,121.4126776,31.1767187
2020-07-10 12:37:03,121.4126777,31.1767186
2020-07-10 12:37:03,121.4126778,31.1767184
2020-07-10 12:37:03,121.4126782,31.1767183
2020-07-10 12:37:03,121.4126785,31.1767181
2020-07-10 12:37:03,121.4126787,31.1767178
2020-07-10 12:37:04,121.4126787,31.1767176
2020-07-10 12:37:04,121.4126787,31.1767178
2020-07-10 12:37:04,121.4126788,31.1767181
2020-07-10 12:37:04,121.4126793,31.1767183
2020-07-10 12:37:05,121.4126794,31.1767186
2020-07-10 12:37:05,121.4126795,31.1767185
2020-07-10 12:37:05,121.4126793,31.1767186
2020-07-10 12:37:05,121.4126791,31.1767186
2020-07-10 12:37:05,121.4126791,31.1767188
2020-07-10 12:37:06,121.4126794,31.1767191
2020-07-10 12:37:06,121.4126793,31.1767189
2020-07-10 12:37:06,121.4126794,31.176719
2020-07-10 12:37:06,121.4126797,31.1767188
2020-07-10 12:37:06,121.4126799,31.1767188
2020-07-10 12:37:07,121.4126802,31.1767186
2020-07-10 12:37:07,121.4126807,31.1767185
2020-07-10 12:37:07,121.4126808,31.1767184
2020-07-10 12:37:07,121.4126809,31.1767185
2020-07-10 12:37:08,121.4126811,31.176719
2020-07-10 12:37:08,121.412681,31.1767192
2020-07-10 12:37:08,121.4126811,31.1767193
2020-07-10 12:37:08,121.4126808,31.1767195
2020-07-10 12:37:08,121.4126806,31.1767194
2020-07-10 12:37:09,121.4126804,31.1767195
2020-07-10 12:37:09,121.4126811,31.1767194
2020-07-10 12:37:09,121.4126813,31.1767194
2020-07-10 12:37:09,121.4126813,31.1767194
2020-07-10 12:37:10,121.4126814,31.1767194
2020-07-10 12:37:10,121.4126811,31.1767193
2020-07-10 12:37:10,121.4126809,31.1767193
2020-07-10 12:37:10,121.4126809,31.1767193
2020-07-10 12:37:11,121.4126814,31.1767188
2020-07-10 12:37:11,121.4126817,31.1767189
2020-07-10 12:37:11,121.4126818,31.1767187
2020-07-10 12:37:11,121.4126819,31.1767186
2020-07-10 12:37:11,121.4126818,31.1767183
2020-07-10 12:37:12,121.4126822,31.1767181
2020-07-10 12:37:12,121.4126823,31.1767179
2020-07-10 12:37:12,121.4126826,31.1767177
2020-07-10 12:37:12,121.4126827,31.1767175
2020-07-10 12:37:12,121.4126831,31.1767178
2020-07-10 12:37:13,121.4126835,31.1767176
2020-07-10 12:37:13,121.4126844,31.1767173
2020-07-10 12:37:13,121.4126851,31.1767171
2020-07-10 12:37:13,121.4126855,31.1767168
2020-07-10 12:37:14,121.4126857,31.1767166
2020-07-10 12:37:14,121.4126859,31.1767166
2020-07-10 12:37:14,121.4126859,31.1767166
2020-07-10 12:37:14,121.4126859,31.1767163
2020-07-10 12:37:15,121.4126859,31.176716
2020-07-10 12:37:15,121.4126859,31.176716
2020-07-10 12:37:15,121.4126857,31.1767157
2020-07-10 12:37:15,121.4126855,31.1767155
2020-07-10 12:37:15,121.4126853,31.1767154
2020-07-10 12:37:16,121.4126852,31.1767153
2020-07-10 12:37:16,121.4126849,31.1767151
2020-07-10 12:37:16,121.4126848,31.176715
2020-07-10 12:37:16,121.4126847,31.1767149
2020-07-10 12:37:16,121.4126847,31.1767148
2020-07-10 12:37:17,121.4126847,31.1767147
2020-07-10 12:37:17,121.4126847,31.1767147
2020-07-10 12:37:17,121.4126848,31.1767146
2020-07-10 12:37:17,121.4126847,31.1767145
2020-07-10 12:37:18,121.4126847,31.1767145
2020-07-10 12:37:18,121.4126863,31.1767166
2020-07-10 12:37:18,121.4126858,31.1767181
2020-07-10 12:37:18,121.4126859,31.1767195
2020-07-10 12:37:19,121.4126857,31.1767204
2020-07-10 12:37:19,121.412684,31.176721
2020-07-10 12:37:19,121.4126824,31.1767235
2020-07-10 12:37:19,121.412681,31.1767257
2020-07-10 12:37:19,121.4126802,31.176726
2020-07-10 12:37:20,121.4126802,31.17673
2020-07-10 12:37:20,121.4126832,31.1767304
2020-07-10 12:37:20,121.4126822,31.1767316
2020-07-10 12:37:21,121.4126809,31.1767327
2020-07-10 12:37:21,121.4126775,31.176737
2020-07-10 12:37:21,121.4126709,31.1767394
2020-07-10 12:37:21,121.412671,31.1767422
