更新时间,经度,维度,飞行距离,飞行高度(dm)
2020-07-10 20:31:19.653000,121.41270997085715,31.176705581060357,0,0.0
2020-07-10 20:31:19.750000,121.41270991227476,31.17670562778067,0,0.0
2020-07-10 20:31:19.852000,121.41270992615043,31.176705647701223,0,0.0025785835459828377
2020-07-10 20:31:19.956000,121.41270994141857,31.176705665179668,0,0.00500492425635457
2020-07-10 20:31:20.057000,121.41270999874992,31.1767056827089,0,0.010796995833516121
2020-07-10 20:31:20.160000,121.41271003152663,31.176705713323646,0,0.01541348546743393
2020-07-10 20:31:20.261000,121.41271009258789,31.176705723055125,0,0.02132250741124153
2020-07-10 20:31:20.364000,121.41271012688783,31.176705734474233,0,0.0248239878565073
2020-07-10 20:31:20.466000,121.41271020485124,31.176705750696335,0,0.032457273453474045
2020-07-10 20:31:20.569000,121.4127102651058,31.17670577961017,0,0.03902968391776085
2020-07-10 20:31:20.673000,121.412710338129,31.17670581712484,0,0.04713296517729759
2020-07-10 20:31:20.775000,121.41271038384703,31.176705861463095,0,0.05370747298002243
2020-07-10 20:31:20.877000,121.41271039951192,31.17670588416228,0,0.05663863569498062
2020-07-10 20:31:20.979000,121.41271039741355,31.17670590237139,0,0.05867321416735649
2020-07-10 20:31:21.082000,121.41271039117476,31.17670590153895,0,0.05927392095327377
2020-07-10 20:31:21.183000,121.41271038865582,31.176705904776956,0,0.0597064271569252
2020-07-10 20:31:21.285000,121.41271038349595,31.176705916425725,0,0.06109160929918289
2020-07-10 20:31:21.388000,121.41271038125862,31.176705939483476,0,0.06366433203220367
2020-07-10 20:31:21.491000,121.41271037697553,31.176705975053935,0,0.067640520632267
2020-07-10 20:31:21.595000,121.4127103754235,31.176706013346184,0,0.07190098613500595
2020-07-10 20:31:21.697000,121.4127103724934,31.176706064209714,0,0.07756362110376358
2020-07-10 20:31:21.801000,121.41271037196145,31.176706112409114,0,0.08292338997125626
2020-07-10 20:31:21.904000,121.41271039651988,31.176706171957036,0,0.08994492888450623
2020-07-10 20:31:22.007000,121.41271042750923,31.176706225883773,0,0.09662687033414841
2020-07-10 20:31:22.109000,121.41271045719938,31.176706288591998,0,0.10415008664131165
2020-07-10 20:31:22.211000,121.41271047692774,31.176706344235317,0,0.11061574518680573
2020-07-10 20:31:22.314000,121.41271059291347,31.17670640615802,0,0.12362217903137207
2020-07-10 20:31:22.417000,121.41271072255458,31.176706462687825,0,0.13746510446071625
2020-07-10 20:31:22.519000,121.41271092244995,31.176706524581316,0,0.15768928825855255
2020-07-10 20:31:22.622000,121.4127110927415,31.17670658164963,0,0.1750885248184204
2020-07-10 20:31:22.726000,121.41271130176695,31.176706625745346,0,0.19556985795497894
2020-07-10 20:31:22.833000,121.41271148680408,31.176706672960044,0,0.21393966674804688
2020-07-10 20:31:22.935000,121.41271172652475,31.176706749906465,0,0.23829779028892517
2020-07-10 20:31:23.037000,121.41271196927565,31.17670685451028,0,0.2641557455062866
2020-07-10 20:31:23.141000,121.412712212443,31.176706912538254,0,0.2881726026535034
2020-07-10 20:31:23.242000,121.41271239873961,31.17670695450366,1,0.30650004744529724
2020-07-10 20:31:23.346000,121.41271257744002,31.176706951250846,2,0.32350465655326843
2020-07-10 20:31:23.449000,121.4127127200866,31.176706978500615,3,0.3374095857143402
2020-07-10 20:31:23.552000,121.41271271497148,31.176707143683867,5,0.3557835817337036
2020-07-10 20:31:23.654000,121.41271271497148,31.176707143683867,5,0.3557835817337036
2020-07-10 20:31:23.758000,121.41271264298716,31.17670735506526,6,0.3802654445171356
2020-07-10 20:31:23.861000,121.4127124084295,31.176707815741484,12,0.43617305159568787
2020-07-10 20:31:23.964000,121.4127122472702,31.17670788638359,15,0.4534001052379608
2020-07-10 20:31:24.067000,121.41271203587823,31.176707735652368,22,0.48292189836502075
2020-07-10 20:31:24.170000,121.41271201353302,31.176707559598643,26,0.5026132464408875
2020-07-10 20:31:24.273000,121.41271164415525,31.176707384635364,30,0.5427802205085754
2020-07-10 20:31:24.375000,121.41271124269362,31.176707250153978,34,0.5837965607643127
2020-07-10 20:31:24.477000,121.41271080606839,31.17670720271598,38,0.6256687045097351
2020-07-10 20:31:24.580000,121.41271055594753,31.176707185905148,42,0.6495373845100403
2020-07-10 20:31:24.685000,121.41271026201677,31.17670726322672,46,0.6787925958633423
2020-07-10 20:31:24.787000,121.4127101225146,31.17670729087424,51,0.6924156546592712
2020-07-10 20:31:24.891000,121.41271018228042,31.17670730776833,54,0.6984037756919861
2020-07-10 20:31:24.993000,121.41271067010273,31.1767071968776,58,0.7464231252670288
2020-07-10 20:31:25.097000,121.41271185300079,31.176706904456083,62,0.8635621666908264
2020-07-10 20:31:25.199000,121.41271185300079,31.176706904456083,62,0.8635621666908264
2020-07-10 20:31:25.302000,121.41271350159782,31.176706462221073,66,1.0279306173324585
2020-07-10 20:31:25.405000,121.4127156666037,31.176705927298592,70,1.2423162460327148
2020-07-10 20:31:25.508000,121.4127211002042,31.17670481165334,78,1.774275779724121
2020-07-10 20:31:25.611000,121.4127211002042,31.17670481165334,78,1.774275779724121
2020-07-10 20:31:25.714000,121.41272428243447,31.176704272473394,82,2.0828986167907715
2020-07-10 20:31:25.819000,121.41272776718613,31.176703844524724,87,2.4178202152252197
2020-07-10 20:31:25.921000,121.41273132862764,31.17670335719678,91,2.7609457969665527
2020-07-10 20:31:26.029000,121.412734964354,31.176703029246884,95,3.1087496280670166
2020-07-10 20:31:26.134000,121.41273863877353,31.176702610534647,99,3.46140456199646
2020-07-10 20:31:26.236000,121.41274209881972,31.17670241757645,103,3.791276693344116
2020-07-10 20:31:26.339000,121.4127456163562,31.17670214771356,107,4.127262115478516
2020-07-10 20:31:26.442000,121.41274919169344,31.176701973618037,111,4.467954158782959
2020-07-10 20:31:26.545000,121.41275303156978,31.176701634472387,115,4.835204124450684
2020-07-10 20:31:26.647000,121.41275721262318,31.176701259604986,118,5.235149383544922
2020-07-10 20:31:26.750000,121.41275721262318,31.176701259604986,118,5.235149383544922
2020-07-10 20:31:26.853000,121.41276165257581,31.176700730496254,122,5.661624431610107
2020-07-10 20:31:26.958000,121.41277119478386,31.176699148058653,130,6.586392879486084
2020-07-10 20:31:27.061000,121.41278082356536,31.1766969660011,137,7.534021854400635
2020-07-10 20:31:27.163000,121.41278082356536,31.1766969660011,137,7.534021854400635
2020-07-10 20:31:27.267000,121.41278610284775,31.176695571786787,140,8.059651374816895
2020-07-10 20:31:27.370000,121.41279147625349,31.176694222991404,143,8.592400550842285
2020-07-10 20:31:27.473000,121.41279716123745,31.176692644503998,147,9.161012649536133
2020-07-10 20:31:27.576000,121.41280290206461,31.17669116435751,150,9.731430053710938
2020-07-10 20:31:27.678000,121.41280900101599,31.176689496602876,154,10.340572357177734
2020-07-10 20:31:27.783000,121.41280900101599,31.176689496602876,154,10.340572357177734
2020-07-10 20:31:27.887000,121.41282169361698,31.176686273309684,161,11.600160598754883
2020-07-10 20:31:27.990000,121.41282169361698,31.176686273309684,161,11.600160598754883
2020-07-10 20:31:28.091000,121.4128424055356,31.176681694771656,172,13.635416984558105
2020-07-10 20:31:28.193000,121.4128424055356,31.176681694771656,172,13.635416984558105
2020-07-10 20:31:28.295000,121.41285002788308,31.1766802341095,176,14.3785400390625
2020-07-10 20:31:28.397000,121.41285776077542,31.176678745641663,180,15.132601737976074
2020-07-10 20:31:28.499000,121.41286665195545,31.176677248876906,184,15.994688034057617
2020-07-10 20:31:28.602000,121.4128863726753,31.17667403111065,194,17.904726028442383
2020-07-10 20:31:28.710000,121.4128863726753,31.17667403111065,194,17.904726028442383
2020-07-10 20:31:28.814000,121.41289702202907,31.176672249566863,200,18.937044143676758
2020-07-10 20:31:28.917000,121.41290861193518,31.176670298671414,205,20.060794830322266
2020-07-10 20:31:29.021000,121.4129325570903,31.176666013307045,217,22.38813591003418
2020-07-10 20:31:29.123000,121.41294478497237,31.176663766028273,222,23.577978134155273
2020-07-10 20:31:29.225000,121.41295764676505,31.17666147622106,226,24.827802658081055
2020-07-10 20:31:29.329000,121.4129700624732,31.176659201047045,231,26.035768508911133
2020-07-10 20:31:29.432000,121.41298286286545,31.176657018590113,235,27.27748680114746
2020-07-10 20:31:29.534000,121.41299517163351,31.176654881824067,239,28.47235107421875
2020-07-10 20:31:29.637000,121.41300778840514,31.176652812104315,243,29.69451904296875
2020-07-10 20:31:29.739000,121.41300778840514,31.176652812104315,243,29.69451904296875
2020-07-10 20:31:29.841000,121.4130193098816,31.176650845859154,247,30.812213897705078
2020-07-10 20:31:29.943000,121.41304002003791,31.176647397863483,254,32.819454193115234
2020-07-10 20:31:30.046000,121.41304961462963,31.176645922897077,257,33.74686050415039
2020-07-10 20:31:30.148000,121.41305829161898,31.176644583462807,259,34.58567810058594
2020-07-10 20:31:30.250000,121.41306654383179,31.176643338224252,261,35.38287353515625
2020-07-10 20:31:30.353000,121.41307369075635,31.176642201348873,262,36.0744514465332
2020-07-10 20:31:30.456000,121.41308020833625,31.176640956331788,264,36.709774017333984
2020-07-10 20:31:30.559000,121.41308538211541,31.176639887414634,266,37.21613311767578
2020-07-10 20:31:30.662000,121.41308977967749,31.17663878856668,268,37.651973724365234
2020-07-10 20:31:30.769000,121.41309281966073,31.176637994133532,271,37.954376220703125
2020-07-10 20:31:30.876000,121.41309518235657,31.176637148495594,275,38.198028564453125
2020-07-10 20:31:30.978000,121.41309689460009,31.176636467109027,280,38.377681732177734
2020-07-10 20:31:31.082000,121.4131005859168,31.1766346734887,290,38.781551361083984
2020-07-10 20:31:31.184000,121.4131005859168,31.1766346734887,290,38.781551361083984
2020-07-10 20:31:31.287000,121.41310305375036,31.176633562544662,296,39.046844482421875
2020-07-10 20:31:31.389000,121.41310521466178,31.17663264465592,302,39.2763671875
2020-07-10 20:31:31.492000,121.41311100144416,31.17663033679252,315,39.8837890625
2020-07-10 20:31:31.594000,121.4131148679504,31.17662895763724,322,40.282318115234375
2020-07-10 20:31:31.697000,121.4131148679504,31.17662895763724,322,40.282318115234375
2020-07-10 20:31:31.803000,121.41311847651869,31.176627753513642,329,40.65080642700195
2020-07-10 20:31:31.905000,121.41312718540985,31.17662501881553,343,41.53337860107422
2020-07-10 20:31:32.009000,121.41313199883683,31.176623586605544,350,42.01820755004883
2020-07-10 20:31:32.110000,121.4131363341974,31.176622307404163,356,42.45449447631836
2020-07-10 20:31:32.212000,121.4131363341974,31.176622307404163,356,42.45449447631836
2020-07-10 20:31:32.319000,121.41314685474237,31.176619384054067,369,43.506839752197266
2020-07-10 20:31:32.422000,121.41315319332776,31.176617753193458,375,44.13654327392578
2020-07-10 20:31:32.528000,121.41315967670286,31.176616087386442,382,44.780555725097656
2020-07-10 20:31:32.631000,121.41316727417777,31.17661414129816,388,45.5350456237793
2020-07-10 20:31:32.735000,121.41316727417777,31.17661414129816,388,45.5350456237793
2020-07-10 20:31:32.836000,121.41317493653767,31.17661213083423,395,46.29751968383789
2020-07-10 20:31:32.939000,121.41319251909592,31.176607523744693,408,48.04694366455078
2020-07-10 20:31:33.046000,121.41321072859567,31.176602659133025,421,49.861820220947266
2020-07-10 20:31:33.145000,121.41321072859567,31.176602659133025,421,49.861820220947266
2020-07-10 20:31:33.248000,121.41322056292148,31.176599945454864,427,50.844871520996094
2020-07-10 20:31:33.351000,121.4132302173716,31.176597181659716,433,51.81340408325195
2020-07-10 20:31:33.454000,121.41324018046615,31.17659427324571,439,52.814903259277344
2020-07-10 20:31:33.559000,121.41325000257595,31.176591345407623,444,53.80442428588867
2020-07-10 20:31:33.662000,121.41325997712552,31.176588400490417,449,54.80826950073242
2020-07-10 20:31:33.765000,121.41325997712552,31.176588400490417,449,54.80826950073242
2020-07-10 20:31:33.867000,121.4132799275864,31.17658250535379,458,56.81627655029297
2020-07-10 20:31:33.969000,121.41328998800849,31.176579500379567,463,57.83003234863281
2020-07-10 20:31:34.072000,121.41330982500068,31.17657368936184,471,59.824790954589844
2020-07-10 20:31:34.176000,121.41330982500068,31.17657368936184,471,59.824790954589844
2020-07-10 20:31:34.283000,121.41332004875679,31.176570726635973,474,60.85171127319336
2020-07-10 20:31:34.385000,121.41333038610169,31.176567643939375,477,61.8931884765625
2020-07-10 20:31:34.487000,121.41334107022098,31.176564451537764,481,62.96983337402344
2020-07-10 20:31:34.591000,121.41336275383283,31.176557773810035,489,65.16228485107422
2020-07-10 20:31:34.694000,121.41336275383283,31.176557773810035,489,65.16228485107422
2020-07-10 20:31:34.801000,121.41337361101888,31.17655433137062,493,66.26383972167969
2020-07-10 20:31:34.904000,121.41339601633635,31.176547058987254,502,68.54363250732422
2020-07-10 20:31:35.008000,121.41340651136787,31.176543632246037,506,69.61231994628906
2020-07-10 20:31:35.111000,121.41341743664317,31.17654004878337,510,70.7254638671875
2020-07-10 20:31:35.214000,121.41341743664317,31.17654004878337,510,70.7254638671875
2020-07-10 20:31:35.317000,121.41343961890836,31.176532772856508,518,72.98556518554688
2020-07-10 20:31:35.419000,121.41343961890836,31.176532772856508,518,72.98556518554688
2020-07-10 20:31:35.522000,121.41346189241311,31.17652533487993,527,75.26026153564453
2020-07-10 20:31:35.624000,121.41347314651925,31.17652152876337,531,76.41154479980469
2020-07-10 20:31:35.726000,121.41347314651925,31.17652152876337,531,76.41154479980469
2020-07-10 20:31:35.828000,121.4134843264482,31.176517693426014,536,77.5574722290039
2020-07-10 20:31:35.930000,121.41349574388836,31.176513762257986,541,78.72834014892578
2020-07-10 20:31:36.038000,121.41351882116629,31.176505760305652,551,81.0972671508789
2020-07-10 20:31:36.138000,121.41353047779987,31.17650168584758,555,82.29520416259766
2020-07-10 20:31:36.241000,121.41354224858301,31.176497588903953,560,83.50414276123047
2020-07-10 20:31:36.343000,121.4135538588358,31.176493522014887,565,84.69767761230469
2020-07-10 20:31:36.445000,121.41356592104079,31.17648932942297,569,85.93630981445312
2020-07-10 20:31:36.548000,121.41357790746648,31.176485134199492,574,87.16837310791016
2020-07-10 20:31:36.650000,121.41358990118172,31.176481016346642,579,88.3978500366211
2020-07-10 20:31:36.753000,121.41358990118172,31.176481016346642,579,88.3978500366211
2020-07-10 20:31:36.855000,121.41361332507383,31.17647297576762,587,90.79896545410156
2020-07-10 20:31:36.958000,121.4136254450345,31.17646877878542,592,92.0428695678711
2020-07-10 20:31:37.060000,121.4136479973846,31.176461052952053,601,94.35400390625
2020-07-10 20:31:37.163000,121.4136479973846,31.176461052952053,601,94.35400390625
2020-07-10 20:31:37.266000,121.4136596072369,31.176457112899232,606,95.542236328125
2020-07-10 20:31:37.371000,121.41367107818716,31.17645315307059,611,96.7190170288086
2020-07-10 20:31:37.473000,121.41368266384772,31.176449118854624,616,97.90901947021484
2020-07-10 20:31:37.574000,121.41369413591946,31.176445017624932,620,99.09187316894531
2020-07-10 20:31:37.677000,121.41370573087222,31.176440861392916,625,100.2878646850586
2020-07-10 20:31:37.781000,121.41370573087222,31.176440861392916,625,100.2878646850586
2020-07-10 20:31:37.884000,121.41372889963,31.176432460185197,635,102.68183135986328
2020-07-10 20:31:37.986000,121.41374052646452,31.17642820687186,640,103.88482666015625
2020-07-10 20:31:38.094000,121.4137640012233,31.176419559052587,650,106.31634521484375
2020-07-10 20:31:38.199000,121.4137640012233,31.176419559052587,650,106.31634521484375
2020-07-10 20:31:38.302000,121.4137875238848,31.17641077280254,659,108.75816345214844
2020-07-10 20:31:38.404000,121.4137875238848,31.17641077280254,659,108.75816345214844
2020-07-10 20:31:38.506000,121.41381109829412,31.176401881055384,668,111.2092056274414
2020-07-10 20:31:38.609000,121.41382287228144,31.1763974248249,673,112.43403625488281
2020-07-10 20:31:38.711000,121.41382287228144,31.1763974248249,673,112.43403625488281
2020-07-10 20:31:38.814000,121.4138345397292,31.17639297489975,678,113.64932250976562
2020-07-10 20:31:38.917000,121.41385907724046,31.17638360048179,688,116.20587921142578
2020-07-10 20:31:39.020000,121.41387071352736,31.17637916929026,693,117.41761016845703
2020-07-10 20:31:39.122000,121.41388279519784,31.176374527521382,698,118.67758178710938
2020-07-10 20:31:39.225000,121.41389482576139,31.17636988890517,703,119.93297576904297
2020-07-10 20:31:39.328000,121.41390667024109,31.1763652780637,708,121.17096710205078
2020-07-10 20:31:39.431000,121.4139185537319,31.17636064007281,713,122.41358947753906
2020-07-10 20:31:39.533000,121.41393035407377,31.17635600565147,717,123.64884948730469
2020-07-10 20:31:39.642000,121.41394220880692,31.176351342256854,723,124.8901596069336
2020-07-10 20:31:39.742000,121.41394220880692,31.176351342256854,723,124.8901596069336
2020-07-10 20:31:39.845000,121.41395402188546,31.176346665574137,727,126.12848663330078
2020-07-10 20:31:39.948000,121.41396592748525,31.17634196010053,732,127.37615203857422
2020-07-10 20:31:40.050000,121.41398980645364,31.17633252580794,741,129.87841796875
2020-07-10 20:31:40.152000,121.41400176259967,31.176327786619026,746,131.13201904296875
2020-07-10 20:31:40.254000,121.41401381999835,31.176323026455755,751,132.3953399658203
2020-07-10 20:31:40.357000,121.41402590303063,31.176318259309717,755,133.6612091064453
2020-07-10 20:31:40.459000,121.41403811919733,31.17631345362818,760,134.94036865234375
2020-07-10 20:31:40.562000,121.41405031197343,31.176308622490804,765,136.21868896484375
2020-07-10 20:31:40.665000,121.41406259807177,31.176303745600666,771,137.5072021484375
2020-07-10 20:31:40.767000,121.41406259807177,31.176303745600666,771,137.5072021484375
2020-07-10 20:31:40.870000,121.41408713790607,31.176293975588063,781,140.08221435546875
2020-07-10 20:31:40.973000,121.41408713790607,31.176293975588063,781,140.08221435546875
2020-07-10 20:31:41.074000,121.41412341007313,31.176279429987567,795,143.89324951171875
2020-07-10 20:31:41.177000,121.41412341007313,31.176279429987567,795,143.89324951171875
2020-07-10 20:31:41.282000,121.41414726196602,31.176269790563143,806,146.40283203125
2020-07-10 20:31:41.385000,121.41414726196602,31.176269790563143,806,146.40283203125
2020-07-10 20:31:41.487000,121.41415906463095,31.176264971906164,811,147.64697265625
2020-07-10 20:31:41.590000,121.4141824491915,31.17625532854742,821,150.1166229248047
2020-07-10 20:31:41.693000,121.4141824491915,31.17625532854742,821,150.1166229248047
2020-07-10 20:31:41.797000,121.41419411615861,31.176250482871296,826,151.35044860839844
2020-07-10 20:31:41.900000,121.41421684850457,31.17624095061152,836,153.75889587402344
2020-07-10 20:31:42.002000,121.4142280798609,31.176236195919817,841,154.9510498046875
2020-07-10 20:31:42.105000,121.41423929038996,31.176231413453376,846,156.14280700683594
2020-07-10 20:31:42.207000,121.41423929038996,31.176231413453376,846,156.14280700683594
2020-07-10 20:31:42.312000,121.41426163646982,31.176221805112693,856,158.5220947265625
2020-07-10 20:31:42.414000,121.41426163646982,31.176221805112693,856,158.5220947265625
2020-07-10 20:31:42.521000,121.41428364050147,31.17621214935172,866,160.874755859375
2020-07-10 20:31:42.622000,121.41429450818129,31.176207314566632,871,162.0400848388672
2020-07-10 20:31:42.725000,121.41429450818129,31.176207314566632,871,162.0400848388672
2020-07-10 20:31:42.827000,121.41430524929527,31.17620252720183,876,163.19229125976562
2020-07-10 20:31:42.930000,121.41432690294783,31.176192828293605,885,165.51756286621094
2020-07-10 20:31:43.033000,121.41433678677852,31.17618843540308,890,166.57717895507812
2020-07-10 20:31:43.135000,121.41434706728896,31.17618385929306,894,167.67967224121094
2020-07-10 20:31:43.237000,121.41435728740026,31.176179307466402,899,168.77581787109375
2020-07-10 20:31:43.340000,121.41435728740026,31.176179307466402,899,168.77581787109375
2020-07-10 20:31:43.444000,121.41439767215603,31.176161456593583,920,173.10035705566406
2020-07-10 20:31:43.547000,121.41440778332459,31.176157044422283,924,174.18017578125
2020-07-10 20:31:43.650000,121.41441796770907,31.17615266018205,929,175.2648162841797
2020-07-10 20:31:43.752000,121.41441796770907,31.17615266018205,929,175.2648162841797
2020-07-10 20:31:43.856000,121.41443837172424,31.1761438948282,939,177.4369354248047
2020-07-10 20:31:43.958000,121.41443837172424,31.1761438948282,939,177.4369354248047
2020-07-10 20:31:44.061000,121.41444858670884,31.176139497768858,944,178.52481079101562
2020-07-10 20:31:44.166000,121.41445900355795,31.17613502442017,949,179.63365173339844
2020-07-10 20:31:44.269000,121.41446938468022,31.176130541222655,955,180.73995971679688
2020-07-10 20:31:44.371000,121.41447967320117,31.176126105289097,960,181.83602905273438
2020-07-10 20:31:44.476000,121.41449991732684,31.176117309086003,969,183.99610900878906
2020-07-10 20:31:44.579000,121.41449991732684,31.176117309086003,969,183.99610900878906
2020-07-10 20:31:44.681000,121.41450994710878,31.176112899259657,974,185.0689239501953
2020-07-10 20:31:44.784000,121.41450994710878,31.176112899259657,974,185.0689239501953
2020-07-10 20:31:44.889000,121.41453042209693,31.176103922911576,984,187.25767517089844
2020-07-10 20:31:44.991000,121.41453989611065,31.176099783901982,989,188.2696990966797
2020-07-10 20:31:45.093000,121.41454981678963,31.176095454221137,994,189.32920837402344
2020-07-10 20:31:45.196000,121.41455968636163,31.176091152002375,999,190.3830108642578
2020-07-10 20:31:45.299000,121.4145694942528,31.176086891575995,1004,191.42947387695312
2020-07-10 20:31:45.403000,121.41457927410724,31.176082646157358,1009,192.47279357910156
2020-07-10 20:31:45.512000,121.41458902752704,31.176078409597455,1014,193.513427734375
2020-07-10 20:31:45.614000,121.41459876796985,31.176074193568976,1019,194.5519256591797
2020-07-10 20:31:45.717000,121.41459876796985,31.176074193568976,1019,194.5519256591797
2020-07-10 20:31:45.820000,121.41461814808343,31.176065852183775,1029,196.6158447265625
2020-07-10 20:31:45.923000,121.41462778198665,31.1760617142685,1034,197.64138793945312
2020-07-10 20:31:46.026000,121.4146374099621,31.17605762377351,1038,198.66407775878906
2020-07-10 20:31:46.129000,121.41464702592178,31.17605355589435,1043,199.6846160888672
2020-07-10 20:31:46.232000,121.41465647237938,31.176049558728742,1048,200.68722534179688
2020-07-10 20:31:46.335000,121.41466578986798,31.176045602313316,1053,201.67681884765625
2020-07-10 20:31:46.439000,121.41467502997521,31.176041696913785,1058,202.6573028564453
2020-07-10 20:31:46.541000,121.41468425902794,31.176037790993153,1063,203.63687133789062
2020-07-10 20:31:46.645000,121.41469358020137,31.17603384072673,1068,204.62648010253906
2020-07-10 20:31:46.750000,121.41469358020137,31.17603384072673,1068,204.62648010253906
2020-07-10 20:31:46.854000,121.41471245997938,31.176025792148792,1078,206.6332550048828
2020-07-10 20:31:46.957000,121.41472244201873,31.17602152275946,1083,207.69496154785156
2020-07-10 20:31:47.060000,121.41474067743242,31.176013678297203,1092,209.63674926757812
2020-07-10 20:31:47.162000,121.41474067743242,31.176013678297203,1092,209.63674926757812
2020-07-10 20:31:47.267000,121.41474998210425,31.176009634336626,1098,210.62962341308594
2020-07-10 20:31:47.371000,121.41475976115764,31.176005377505856,1103,211.6734619140625
2020-07-10 20:31:47.475000,121.4147778072032,31.175997409333963,1112,213.60543823242188
2020-07-10 20:31:47.577000,121.41478696239915,31.175993346457386,1117,214.5866241455078
2020-07-10 20:31:47.679000,121.41478696239915,31.175993346457386,1117,214.5866241455078
2020-07-10 20:31:47.782000,121.41478696239915,31.175993346457386,1117,214.5866241455078
2020-07-10 20:31:47.884000,121.41480505826999,31.17598532002628,1127,216.5258026123047
2020-07-10 20:31:47.987000,121.41481398116159,31.17598136642481,1131,217.48178100585938
2020-07-10 20:31:48.089000,121.41483145141267,31.175973623056354,1139,219.35362243652344
2020-07-10 20:31:48.192000,121.41483145141267,31.175973623056354,1139,219.35362243652344
2020-07-10 20:31:48.295000,121.41484869192274,31.17596600188634,1147,221.19979858398438
2020-07-10 20:31:48.397000,121.41484869192274,31.17596600188634,1147,221.19979858398438
2020-07-10 20:31:48.500000,121.4148573661685,31.175962176475977,1150,222.12820434570312
2020-07-10 20:31:48.602000,121.41486611715484,31.17595831458847,1153,223.06497192382812
2020-07-10 20:31:48.705000,121.41487496618966,31.175954435973587,1157,224.01087951660156
2020-07-10 20:31:48.808000,121.41487496618966,31.175954435973587,1157,224.01087951660156
2020-07-10 20:31:48.910000,121.41489279643243,31.17594660433044,1164,225.9176483154297
2020-07-10 20:31:49.013000,121.41489279643243,31.17594660433044,1164,225.9176483154297
2020-07-10 20:31:49.116000,121.41491084616281,31.175938654345014,1169,227.84901428222656
2020-07-10 20:31:49.219000,121.41492003468244,31.17593459308385,1171,228.8329315185547
2020-07-10 20:31:49.322000,121.41492933262543,31.175930486434694,1173,229.8284149169922
2020-07-10 20:31:49.425000,121.41493909069135,31.17592617916124,1175,230.87303161621094
2020-07-10 20:31:49.526000,121.41495781394424,31.17591799540942,1178,232.87327575683594
2020-07-10 20:31:49.628000,121.41496751673772,31.175913793815468,1179,233.90786743164062
2020-07-10 20:31:49.732000,121.41496751673772,31.175913793815468,1179,233.90786743164062
2020-07-10 20:31:49.834000,121.41498717561655,31.175905358371345,1182,236.00018310546875
2020-07-10 20:31:49.937000,121.41498717561655,31.175905358371345,1182,236.00018310546875
2020-07-10 20:31:50.040000,121.41500758507887,31.17589669510139,1185,238.16769409179688
2020-07-10 20:31:50.142000,121.41501800641383,31.175892271726394,1187,239.27444458007812
2020-07-10 20:31:50.245000,121.41502854261931,31.175887787538784,1188,240.39398193359375
2020-07-10 20:31:50.349000,121.41503919882203,31.17588327052174,1189,241.52537536621094
2020-07-10 20:31:50.451000,121.41504998559583,31.17587873026355,1189,242.66905212402344
2020-07-10 20:31:50.554000,121.41506081082001,31.1758741841169,1190,243.81629943847656
2020-07-10 20:31:50.656000,121.41507169788522,31.17586958018003,1191,244.97166442871094
2020-07-10 20:31:50.759000,121.41507169788522,31.17586958018003,1191,244.97166442871094
2020-07-10 20:31:50.862000,121.41508266024911,31.1758649498754,1192,246.13475036621094
2020-07-10 20:31:50.965000,121.41509368942053,31.17586026834643,1193,247.30606079101562
2020-07-10 20:31:51.068000,121.41511600153586,31.17585081696169,1194,249.67466735839844
2020-07-10 20:31:51.170000,121.41512730242331,31.17584605403658,1195,250.87315368652344
2020-07-10 20:31:51.273000,121.41513865297583,31.175841254009,1195,252.0777130126953
2020-07-10 20:31:51.375000,121.41515009404695,31.175836452209673,1195,253.2900848388672
2020-07-10 20:31:51.478000,121.41516160448897,31.17583163425618,1195,254.50917053222656
2020-07-10 20:31:51.587000,121.41517319711868,31.175826830528777,1195,255.73458862304688
2020-07-10 20:31:51.689000,121.41518483909304,31.1758220244043,1196,256.96435546875
2020-07-10 20:31:51.792000,121.41518483909304,31.1758220244043,1196,256.96435546875
2020-07-10 20:31:51.897000,121.41520817238641,31.175812410592044,1197,259.4281921386719
2020-07-10 20:31:52,121.41523174903867,31.175802702356094,1197,261.9174499511719
2020-07-10 20:31:52.102000,121.41524370902972,31.175797792011203,1197,263.17950439453125
2020-07-10 20:31:52.204000,121.41524370902972,31.175797792011203,1197,263.17950439453125
2020-07-10 20:31:52.306000,121.41526738773571,31.175788108996592,1197,265.6763000488281
2020-07-10 20:31:52.408000,121.41526738773571,31.175788108996592,1197,265.6763000488281
2020-07-10 20:31:52.511000,121.41529130355235,31.175778444637434,1197,268.19256591796875
2020-07-10 20:31:52.615000,121.41530341189782,31.175773614125383,1197,269.4635925292969
2020-07-10 20:31:52.719000,121.41530341189782,31.175773614125383,1197,269.4635925292969
2020-07-10 20:31:52.823000,121.41531562534097,31.175768779757174,1197,270.7438659667969
2020-07-10 20:31:52.925000,121.41532795365461,31.175763947264933,1196,272.0339660644531
2020-07-10 20:31:53.028000,121.41535297764332,31.175754234339063,1197,274.648193359375
2020-07-10 20:31:53.131000,121.41536561820611,31.175749369538494,1198,275.9668273925781
2020-07-10 20:31:53.233000,121.41537835056921,31.175744496921393,1198,277.2937927246094
2020-07-10 20:31:53.335000,121.41539112410624,31.17573963587276,1198,278.6238098144531
2020-07-10 20:31:53.438000,121.41540393545283,31.175734801712995,1198,279.9559020996094
2020-07-10 20:31:53.544000,121.41541676698584,31.175730000069997,1197,281.2882995605469
2020-07-10 20:31:53.646000,121.4154295033542,31.175725288265,1198,282.6084289550781
2020-07-10 20:31:53.747000,121.4154295033542,31.175725288265,1198,282.6084289550781
2020-07-10 20:31:53.852000,121.41544219165957,31.17572062429717,1198,283.9222412109375
2020-07-10 20:31:53.956000,121.41545504145651,31.175715898839297,1197,285.25286865234375
2020-07-10 20:31:54.062000,121.41548101372773,31.175706262932316,1198,287.94610595703125
2020-07-10 20:31:54.164000,121.41549389845044,31.175701443571846,1198,289.283935546875
2020-07-10 20:31:54.266000,121.41550676202546,31.175696624628262,1198,290.6199035644531
2020-07-10 20:31:54.368000,121.41551963937853,31.175691831114456,1198,291.9559326171875
2020-07-10 20:31:54.478000,121.41553255037567,31.175687022801352,1198,293.2955627441406
2020-07-10 20:31:54.583000,121.41554546393618,31.175682212820725,1198,294.635498046875
2020-07-10 20:31:54.690000,121.41555847874938,31.175677318004674,1198,295.988037109375
2020-07-10 20:31:54.792000,121.41557145991845,31.175672410369515,1198,297.3382263183594
2020-07-10 20:31:54.895000,121.4155842062198,31.175667532749834,1198,298.6666259765625
2020-07-10 20:31:54.998000,121.41560939442365,31.17565785088165,1198,301.2936706542969
2020-07-10 20:31:55.101000,121.41562198756434,31.175653024851073,1198,302.6064453125
2020-07-10 20:31:55.203000,121.41562198756434,31.175653024851073,1198,302.6064453125
2020-07-10 20:31:55.307000,121.4156471789724,31.175643409683953,1198,305.2307434082031
2020-07-10 20:31:55.410000,121.4156471789724,31.175643409683953,1198,305.2307434082031
2020-07-10 20:31:55.512000,121.4156723389793,31.175633817445323,1198,307.85125732421875
2020-07-10 20:31:55.615000,121.41568489398999,31.1756290340409,1198,309.1587829589844
2020-07-10 20:31:55.717000,121.41568489398999,31.1756290340409,1198,309.1587829589844
2020-07-10 20:31:55.820000,121.41569740830738,31.175624257723463,1198,310.4624328613281
2020-07-10 20:31:55.923000,121.41570991781848,31.175619491619628,1198,311.76519775390625
2020-07-10 20:31:56.025000,121.41573486250326,31.175610032366247,1197,314.3609924316406
2020-07-10 20:31:56.129000,121.41574678820939,31.17560556349904,1197,315.599609375
2020-07-10 20:31:56.231000,121.4157579772703,31.175601361852976,1197,316.7621154785156
2020-07-10 20:31:56.333000,121.4157686011106,31.175597341237776,1197,317.8673095703125
2020-07-10 20:31:56.435000,121.41577862736793,31.175593553555203,1196,318.9100341796875
2020-07-10 20:31:56.542000,121.41579685477109,31.175586650307523,1194,320.8064270019531
2020-07-10 20:31:56.645000,121.41580475664485,31.175583635315114,1192,321.6295471191406
2020-07-10 20:31:56.748000,121.41581170494914,31.175581026886547,1191,322.3514099121094
2020-07-10 20:31:56.851000,121.41582303723773,31.175576820967446,1189,323.52667236328125
2020-07-10 20:31:56.956000,121.4158274676829,31.17557520794807,1189,323.9847412109375
2020-07-10 20:31:57.056000,121.41583107144486,31.175574023795708,1189,324.3520202636719
2020-07-10 20:31:57.158000,121.41583107144486,31.175574023795708,1189,324.3520202636719
2020-07-10 20:31:57.260000,121.41583394080456,31.175573060173743,1188,324.645263671875
2020-07-10 20:31:57.362000,121.4158358809467,31.175572583678,1188,324.8373107910156
2020-07-10 20:31:57.467000,121.41583708155986,31.17557234709766,1189,324.95452880859375
2020-07-10 20:31:57.570000,121.41583774739229,31.17557246069791,1189,325.0191345214844
2020-07-10 20:31:57.672000,121.41583774739229,31.17557246069791,1189,325.0191345214844
2020-07-10 20:31:57.775000,121.41583814375164,31.175572636830413,1190,325.0616149902344
2020-07-10 20:31:57.878000,121.41583887334762,31.17557318773953,1191,325.15423583984375
2020-07-10 20:31:57.980000,121.41583944337452,31.17557342015106,1191,325.21429443359375
2020-07-10 20:31:58.082000,121.41583993105353,31.175573569707357,1191,325.2635803222656
2020-07-10 20:31:58.184000,121.41583993105353,31.175573569707357,1191,325.2635803222656
2020-07-10 20:31:58.287000,121.41584120856744,31.17557375105088,1192,325.38677978515625
2020-07-10 20:31:58.390000,121.41584120856744,31.17557375105088,1192,325.38677978515625
2020-07-10 20:31:58.495000,121.41584266775942,31.17557381420845,1193,325.52581787109375
2020-07-10 20:31:58.600000,121.41584345278802,31.175573669446294,1193,325.6022033691406
2020-07-10 20:31:58.702000,121.41584345278802,31.175573669446294,1193,325.6022033691406
2020-07-10 20:31:58.806000,121.41584401961073,31.1755734606928,1193,325.6609191894531
2020-07-10 20:31:58.909000,121.41584492415595,31.175572721665834,1194,325.7810363769531
2020-07-10 20:31:59.012000,121.41584521221338,31.1755723319857,1194,325.8323059082031
2020-07-10 20:31:59.115000,121.41584534775097,31.175572042878265,1194,325.866943359375
2020-07-10 20:31:59.217000,121.41584534775097,31.175572042878265,1194,325.866943359375
2020-07-10 20:31:59.321000,121.41584553263323,31.175571549081933,1194,325.9247741699219
2020-07-10 20:31:59.423000,121.4158455563443,31.175571377847792,1194,325.9439392089844
2020-07-10 20:31:59.526000,121.4158455207777,31.175571283319876,1193,325.9549865722656
2020-07-10 20:31:59.629000,121.415845493542,31.175571220266523,1193,325.96246337890625
2020-07-10 20:31:59.732000,121.415845493542,31.175571220266523,1193,325.96246337890625
2020-07-10 20:31:59.835000,121.41584544932407,31.175571197442252,1193,325.9673767089844
2020-07-10 20:31:59.938000,121.41584541407788,31.175571155441425,1193,325.9731140136719
2020-07-10 20:32:00.044000,121.4158452705298,31.175571097911753,1193,325.9881896972656
2020-07-10 20:32:00.144000,121.41584515485822,31.17557110968866,1193,325.999267578125
2020-07-10 20:32:00.246000,121.4158448523819,31.175571128760996,1193,326.02813720703125
2020-07-10 20:32:00.349000,121.4158448523819,31.175571128760996,1193,326.02813720703125
2020-07-10 20:32:00.452000,121.41584468352065,31.175571178161473,1193,326.04510498046875
2020-07-10 20:32:00.554000,121.4158445473422,31.17557125757743,1193,326.060791015625
2020-07-10 20:32:00.657000,121.41584440411454,31.17557133574274,1194,326.07696533203125
2020-07-10 20:32:00.760000,121.41584440411454,31.17557133574274,1194,326.07696533203125
2020-07-10 20:32:00.864000,121.41584414906035,31.175571446320603,1194,326.1043395996094
2020-07-10 20:32:00.965000,121.4158440192903,31.17557149509576,1194,326.1178283691406
2020-07-10 20:32:01.067000,121.4158437805775,31.175571559503975,1193,326.1417236328125
2020-07-10 20:32:01.170000,121.4158437805775,31.175571559503975,1193,326.1417236328125
2020-07-10 20:32:01.272000,121.41584366394468,31.175571571385102,1193,326.15289306640625
2020-07-10 20:32:01.374000,121.41584357871302,31.175571596398004,1193,326.1614685058594
2020-07-10 20:32:01.478000,121.41584347874203,31.1755715958769,1193,326.1709899902344
2020-07-10 20:32:01.579000,121.41584340023917,31.17557159285451,1193,326.178466796875
2020-07-10 20:32:01.683000,121.41584328745138,31.17557158316201,1193,326.1892395019531
2020-07-10 20:32:01.786000,121.41584328745138,31.17557158316201,1193,326.1892395019531
2020-07-10 20:32:01.889000,121.4158430875094,31.175571621306684,1194,326.20892333984375
2020-07-10 20:32:01.992000,121.4158430875094,31.175571621306684,1194,326.20892333984375
2020-07-10 20:32:02.094000,121.41584299811225,31.175571634334233,1193,326.21832275390625
2020-07-10 20:32:02.196000,121.41584299811225,31.175571634334233,1193,326.21832275390625
2020-07-10 20:32:02.300000,121.41584298593631,31.175571621827785,1193,326.2203063964844
2020-07-10 20:32:02.403000,121.41584296607029,31.17557159733599,1193,326.2236328125
2020-07-10 20:32:02.506000,121.41584295934148,31.175571592124967,1194,326.2244873046875
2020-07-10 20:32:02.609000,121.41584292505654,31.175571578367872,1194,326.22808837890625
2020-07-10 20:32:02.711000,121.41584292505654,31.175571578367872,1194,326.22808837890625
2020-07-10 20:32:02.814000,121.41584290166588,31.175571588998352,1194,326.2306213378906
2020-07-10 20:32:02.916000,121.4158427757409,31.175571611926845,1194,326.2430114746094
2020-07-10 20:32:03.019000,121.41584269819928,31.175571607758027,1194,326.2503967285156
2020-07-10 20:32:03.122000,121.41584265013631,31.17557160546518,1194,326.2549743652344
2020-07-10 20:32:03.225000,121.41584257259473,31.175571589936336,1194,326.2625427246094
2020-07-10 20:32:03.328000,121.41584252517258,31.175571607653808,1194,326.2674560546875
2020-07-10 20:32:03.430000,121.41584243128955,31.17557168071232,1194,326.279541015625
2020-07-10 20:32:03.535000,121.41584233452278,31.175571839544233,1194,326.2994689941406
2020-07-10 20:32:03.637000,121.4158421621369,31.1755720364166,1194,326.3268127441406
2020-07-10 20:32:03.741000,121.4158421621369,31.1755720364166,1194,326.3268127441406
2020-07-10 20:32:03.844000,121.41584199487772,31.175572259135627,1193,326.35626220703125
2020-07-10 20:32:03.946000,121.41584178115771,31.175572484355946,1193,326.3885192871094
2020-07-10 20:32:04.049000,121.41584141011153,31.17557288852272,1193,326.4456787109375
2020-07-10 20:32:04.151000,121.4158412838661,31.17557306413412,1193,326.4685974121094
2020-07-10 20:32:04.252000,121.41584116947621,31.175573277785972,1193,326.4947204589844
2020-07-10 20:32:04.355000,121.41584109097334,31.175573530207817,1194,326.5237731933594
2020-07-10 20:32:04.458000,121.41584117812755,31.175573907173064,1194,326.5664978027344
2020-07-10 20:32:04.560000,121.41584154981457,31.175574504877147,1194,326.64178466796875
2020-07-10 20:32:04.663000,121.41584229863574,31.175575536971923,1194,326.77685546875
2020-07-10 20:32:04.765000,121.41584229863574,31.175575536971923,1194,326.77685546875
2020-07-10 20:32:04.868000,121.41584344221418,31.175576958329955,1194,326.9687194824219
2020-07-10 20:32:04.971000,121.41584725328777,31.175581187177546,1194,327.5625915527344
2020-07-10 20:32:05.074000,121.41585253733142,31.175586716487487,1194,328.3567810058594
2020-07-10 20:32:05.176000,121.41585253733142,31.175586716487487,1194,328.3567810058594
2020-07-10 20:32:05.280000,121.41585928088742,31.175593591387216,1194,329.3547668457031
2020-07-10 20:32:05.381000,121.41585928088742,31.175593591387216,1194,329.3547668457031
2020-07-10 20:32:05.483000,121.41586312560513,31.175597491002513,1195,329.92205810546875
2020-07-10 20:32:05.585000,121.41586725453521,31.175601610210226,1195,330.52545166015625
2020-07-10 20:32:05.692000,121.4158716609489,31.175606066362548,1195,331.17449951171875
2020-07-10 20:32:05.795000,121.41587634965245,31.17561075940787,1195,331.86102294921875
2020-07-10 20:32:05.900000,121.41588128283635,31.175615768345274,1195,332.58935546875
2020-07-10 20:32:06.001000,121.41589185412782,31.175626471469315,1195,334.14752197265625
2020-07-10 20:32:06.104000,121.41589746724263,31.175632146896277,1196,334.9742126464844
2020-07-10 20:32:06.207000,121.41589746724263,31.175632146896277,1196,334.9742126464844
2020-07-10 20:32:06.309000,121.41590925773158,31.175644119946085,1196,336.715087890625
2020-07-10 20:32:06.412000,121.41590925773158,31.175644119946085,1196,336.715087890625
2020-07-10 20:32:06.514000,121.41592192168504,31.175656968447388,1196,338.5839538574219
2020-07-10 20:32:06.616000,121.41592851175996,31.175663707652134,1196,339.5610046386719
2020-07-10 20:32:06.719000,121.41592851175996,31.175663707652134,1196,339.5610046386719
2020-07-10 20:32:06.822000,121.41593536009326,31.175670658424327,1196,340.5718688964844
2020-07-10 20:32:06.924000,121.41594975623639,31.17568526970974,1197,342.69683837890625
2020-07-10 20:32:07.026000,121.41595644724353,31.175692060920472,1197,343.6844787597656
2020-07-10 20:32:07.129000,121.41596350545184,31.175699164688236,1197,344.7212219238281
2020-07-10 20:32:07.232000,121.41597033840499,31.175706056784332,1197,345.7261657714844
2020-07-10 20:32:07.337000,121.41597692783907,31.175712639137352,1197,346.6898498535156
2020-07-10 20:32:07.440000,121.41598301004852,31.175718690174694,1197,347.5773010253906
2020-07-10 20:32:07.546000,121.4159887439616,31.175724431885843,1196,348.41705322265625
2020-07-10 20:32:07.648000,121.41599387836916,31.175729593818815,1196,349.1707458496094
2020-07-10 20:32:07.750000,121.41599387836916,31.175729593818815,1196,349.1707458496094
2020-07-10 20:32:07.853000,121.41599851035842,31.175734360547974,1195,349.86004638671875
2020-07-10 20:32:07.955000,121.41600243293814,31.175738456931416,1195,350.4488830566406
2020-07-10 20:32:08.058000,121.4160085702598,31.175745162994073,1195,351.3959655761719
2020-07-10 20:32:08.159000,121.41601075680482,31.175747747139283,1194,351.7507019042969
2020-07-10 20:32:08.261000,121.41601226277808,31.175749613518487,1195,352.0028991699219
2020-07-10 20:32:08.364000,121.41601333682539,31.175751083964336,1195,352.1957092285156
2020-07-10 20:32:08.466000,121.41601393344715,31.17575191470527,1195,352.30413818359375
2020-07-10 20:32:08.568000,121.41601425803245,31.175752419548964,1195,352.3681945800781
2020-07-10 20:32:08.670000,121.41601446181946,31.17575244383232,1195,352.38775634765625
2020-07-10 20:32:08.773000,121.4160146306807,31.175752347949537,1196,352.40704345703125
2020-07-10 20:32:08.876000,121.41601492194233,31.175752172233917,1196,352.4409484863281
2020-07-10 20:32:08.979000,121.41601522153489,31.175752048732722,1196,352.47259521484375
2020-07-10 20:32:09.081000,121.41601621611811,31.175751978696603,1197,352.567626953125
2020-07-10 20:32:09.184000,121.41601621611811,31.175751978696603,1197,352.567626953125
2020-07-10 20:32:09.285000,121.41601691687629,31.17575209292218,1197,352.635498046875
2020-07-10 20:32:09.388000,121.41601749235033,31.17575220350004,1197,352.6916198730469
2020-07-10 20:32:09.490000,121.41601824149191,31.1757524136084,1197,352.7666320800781
2020-07-10 20:32:09.592000,121.41601954816403,31.175752768687357,1197,352.8970947265625
2020-07-10 20:32:09.695000,121.41601954816403,31.175752768687357,1197,352.8970947265625
2020-07-10 20:32:09.799000,121.41602010088828,31.175752911052445,1197,352.9519958496094
2020-07-10 20:32:09.901000,121.41602067540106,31.175753132416606,1197,353.0119323730469
2020-07-10 20:32:10.003000,121.41602144536994,31.175753508339646,1197,353.0962829589844
2020-07-10 20:32:10.106000,121.41602169914245,31.175753643513527,1197,353.1247253417969
2020-07-10 20:32:10.207000,121.41602169914245,31.175753643513527,1197,353.1247253417969
2020-07-10 20:32:10.310000,121.41602203590371,31.175753914278165,1197,353.16876220703125
2020-07-10 20:32:10.412000,121.41602203590371,31.175753914278165,1197,353.16876220703125
2020-07-10 20:32:10.515000,121.41602214356477,31.175754120530367,1197,353.19403076171875
2020-07-10 20:32:10.618000,121.41602213074798,31.17575421349498,1197,353.2044372558594
2020-07-10 20:32:10.719000,121.41602213074798,31.17575421349498,1197,353.2044372558594
2020-07-10 20:32:10.822000,121.41602188562679,31.17575421286966,1197,353.23272705078125
2020-07-10 20:32:10.923000,121.41602161967833,31.175754114068702,1197,353.26031494140625
2020-07-10 20:32:11.025000,121.41602130983233,31.17575398014547,1197,353.2933349609375
2020-07-10 20:32:11.130000,121.41602094455372,31.175753841011215,1197,353.33135986328125
2020-07-10 20:32:11.234000,121.41602064367947,31.175753735331714,1197,353.3623046875
2020-07-10 20:32:11.337000,121.41602064367947,31.175753735331714,1197,353.3623046875
2020-07-10 20:32:11.440000,121.4160202627003,31.175753537521363,1197,353.4049072265625
2020-07-10 20:32:11.541000,121.41602014959209,31.17575341203998,1197,353.4225158691406
2020-07-10 20:32:11.644000,121.41602004353311,31.175753294166693,1197,353.4390563964844
2020-07-10 20:32:11.747000,121.41601997560412,31.175753164516497,1197,353.4548645019531
2020-07-10 20:32:11.852000,121.41601990863637,31.175753027466648,1197,353.47137451171875
2020-07-10 20:32:11.953000,121.41601985801003,31.175752825591704,1198,353.49432373046875
2020-07-10 20:32:12.057000,121.4160197878381,31.175752600475604,1198,353.5202331542969
2020-07-10 20:32:12.161000,121.41601947222455,31.175751438209527,1197,353.6529235839844
2020-07-10 20:32:12.263000,121.4160191969839,31.175750197048597,1197,353.79339599609375
2020-07-10 20:32:12.367000,121.41601885509593,31.175748442393676,1197,353.9912109375
2020-07-10 20:32:12.470000,121.41601842124746,31.17574601218202,1197,354.26458740234375
2020-07-10 20:32:12.573000,121.41601791850873,31.175743061180945,1197,354.59619140625
2020-07-10 20:32:12.677000,121.41601730105968,31.175739366254543,1197,355.01123046875
2020-07-10 20:32:12.780000,121.41601661215704,31.175735018283017,1197,355.4991149902344
2020-07-10 20:32:12.882000,121.41601589217363,31.175730532948982,1197,356.0025329589844
2020-07-10 20:32:12.985000,121.416015097212,31.17572544417874,1197,356.57342529296875
2020-07-10 20:32:13.088000,121.41601419426888,31.17571981127371,1198,357.20562744140625
2020-07-10 20:32:13.192000,121.41601328555821,31.17571381651539,1198,357.8778076171875
2020-07-10 20:32:13.295000,121.41601227847865,31.175707380904715,1198,358.59979248046875
2020-07-10 20:32:13.398000,121.41601127396243,31.17570060220043,1198,359.3595886230469
2020-07-10 20:32:13.500000,121.41601022010158,31.175693395254456,1198,360.1672058105469
2020-07-10 20:32:13.602000,121.41601022010158,31.175693395254456,1198,360.1672058105469
2020-07-10 20:32:13.706000,121.4160092322472,31.175685812906547,1197,361.0155334472656
2020-07-10 20:32:13.809000,121.41600824983998,31.17567790810067,1197,361.89947509765625
2020-07-10 20:32:13.912000,121.41600675764475,31.175661284319027,1197,363.75347900390625
2020-07-10 20:32:14.015000,121.41600638659857,31.175652635170938,1198,364.71588134765625
2020-07-10 20:32:14.120000,121.41600631642663,31.175643693163483,1198,365.710205078125
2020-07-10 20:32:14.223000,121.41600653783675,31.175634392637797,1198,366.7445983886719
2020-07-10 20:32:14.326000,121.41600704410008,31.175625009048442,1198,367.78912353515625
2020-07-10 20:32:14.428000,121.41600779260087,31.17561541430852,1198,368.8583984375
2020-07-10 20:32:14.530000,121.41600882659567,31.17560553619329,1198,369.961181640625
2020-07-10 20:32:14.633000,121.41600882659567,31.17560553619329,1198,369.961181640625
2020-07-10 20:32:14.735000,121.41601159598437,31.17558498007114,1198,372.2621765136719
2020-07-10 20:32:14.837000,121.41601343166965,31.175573887058523,1198,373.5079650878906
2020-07-10 20:32:14.940000,121.41601533175933,31.17556373067478,1199,374.65167236328125
2020-07-10 20:32:15.042000,121.4160175240719,31.17555285193934,1199,375.8791809082031
2020-07-10 20:32:15.145000,121.4160175240719,31.17555285193934,1199,375.8791809082031
2020-07-10 20:32:15.247000,121.41602276678138,31.175530582641994,1199,378.40521240234375
2020-07-10 20:32:15.350000,121.41602276678138,31.175530582641994,1199,378.40521240234375
2020-07-10 20:32:15.454000,121.41602894832097,31.175507382760554,1199,381.0511474609375
2020-07-10 20:32:15.559000,121.41603228068735,31.17549574915664,1199,382.3830261230469
2020-07-10 20:32:15.661000,121.41603228068735,31.17549574915664,1199,382.3830261230469
2020-07-10 20:32:15.764000,121.41603228068735,31.17549574915664,1199,382.3830261230469
2020-07-10 20:32:15.868000,121.41604334542536,31.175460345794054,1199,386.4581298828125
2020-07-10 20:32:15.971000,121.41604739040545,31.17544830406299,1199,387.851318359375
2020-07-10 20:32:16.074000,121.41605164461973,31.175436143103774,1199,389.2628173828125
2020-07-10 20:32:16.177000,121.41605164461973,31.175436143103774,1199,389.2628173828125
2020-07-10 20:32:16.278000,121.41606054235834,31.17541163879961,1199,392.1160583496094
2020-07-10 20:32:16.381000,121.41606054235834,31.17541163879961,1199,392.1160583496094
2020-07-10 20:32:16.486000,121.41606519293192,31.175399281489128,1199,393.5596008300781
2020-07-10 20:32:16.589000,121.41607499297284,31.175374321220644,1199,396.48748779296875
2020-07-10 20:32:16.691000,121.41607499297284,31.175374321220644,1199,396.48748779296875
2020-07-10 20:32:16.794000,121.41608006714146,31.175361774229007,1199,397.96380615234375
2020-07-10 20:32:16.896000,121.41609082619894,31.175335908910434,1199,401.01666259765625
2020-07-10 20:32:16.999000,121.41609592023362,31.175323901467888,1200,402.43707275390625
2020-07-10 20:32:17.101000,121.41610138883908,31.175311236081857,1200,403.93841552734375
2020-07-10 20:32:17.203000,121.41610138883908,31.175311236081857,1200,403.93841552734375
2020-07-10 20:32:17.307000,121.41611265383948,31.17528587133394,1200,406.95562744140625
2020-07-10 20:32:17.409000,121.41611265383948,31.17528587133394,1200,406.95562744140625
2020-07-10 20:32:17.513000,121.41612426681586,31.175260423313915,1200,409.9933776855469
2020-07-10 20:32:17.616000,121.41613023719879,31.175247657772065,1201,411.52227783203125
2020-07-10 20:32:17.718000,121.41613023719879,31.175247657772065,1201,411.52227783203125
2020-07-10 20:32:17.821000,121.41613633895386,31.175234870031264,1201,413.0581359863281
2020-07-10 20:32:17.927000,121.41614252401808,31.175222063947675,1201,414.5989074707031
2020-07-10 20:32:18.030000,121.41615521104175,31.175196270124307,1201,417.7106628417969
2020-07-10 20:32:18.133000,121.41616177484224,31.175183272900473,1202,419.2850341796875
2020-07-10 20:32:18.235000,121.41616843957499,31.175170478385347,1202,420.8426208496094
2020-07-10 20:32:18.337000,121.41617523567986,31.175157863963097,1202,422.3871154785156
2020-07-10 20:32:18.439000,121.41618225607861,31.175145338232426,1202,423.9317626953125
2020-07-10 20:32:18.543000,121.41618947673977,31.17513282709261,1202,425.4833068847656
2020-07-10 20:32:18.646000,121.41619693258909,31.175120397557382,1203,427.03680419921875
2020-07-10 20:32:18.749000,121.41619693258909,31.175120397557382,1203,427.03680419921875
2020-07-10 20:32:18.852000,121.4162123137028,31.175095573713424,1203,430.1610107421875
2020-07-10 20:32:18.955000,121.4162205872636,31.175082570132144,1203,431.80731201171875
2020-07-10 20:32:19.058000,121.41623644420078,31.17505859432971,1203,434.87054443359375
2020-07-10 20:32:19.160000,121.41623644420078,31.17505859432971,1203,434.87054443359375
2020-07-10 20:32:19.262000,121.4162448754081,31.17504639814399,1203,436.4461669921875
2020-07-10 20:32:19.365000,121.416253448241,31.175034302426752,1203,438.01910400390625
2020-07-10 20:32:19.469000,121.41626267216701,31.17502171426805,1203,439.6711730957031
2020-07-10 20:32:19.571000,121.4162711802751,31.175010428343445,1203,441.1645202636719
2020-07-10 20:32:19.674000,121.41628035838109,31.17499867436495,1203,442.7363586425781
2020-07-10 20:32:19.777000,121.41628035838109,31.17499867436495,1203,442.7363586425781
2020-07-10 20:32:19.880000,121.41629900200965,31.174975504290547,1203,445.86431884765625
2020-07-10 20:32:19.984000,121.41629900200965,31.174975504290547,1203,445.86431884765625
2020-07-10 20:32:20.088000,121.41632768311021,31.17494128330858,1203,450.5468444824219
2020-07-10 20:32:20.189000,121.41632768311021,31.17494128330858,1203,450.5468444824219
2020-07-10 20:32:20.292000,121.41634725691756,31.174918981807124,1203,453.6480407714844
2020-07-10 20:32:20.393000,121.41634725691756,31.174918981807124,1203,453.6480407714844
2020-07-10 20:32:20.501000,121.41635700056456,31.174908048460185,1204,455.1768798828125
2020-07-10 20:32:20.601000,121.41637653015398,31.17488637561628,1204,458.2198791503906
2020-07-10 20:32:20.705000,121.41637653015398,31.17488637561628,1204,458.2198791503906
2020-07-10 20:32:20.807000,121.41638644458479,31.174875577130557,1204,459.7467956542969
2020-07-10 20:32:20.910000,121.41639631063215,31.17486497520454,1204,461.25372314453125
2020-07-10 20:32:21.012000,121.41641608822655,31.17484418385691,1205,464.2345275878906
2020-07-10 20:32:21.116000,121.4164261362724,31.17483383310209,1205,465.7306823730469
2020-07-10 20:32:21.218000,121.4164261362724,31.17483383310209,1205,465.7306823730469
2020-07-10 20:32:21.321000,121.41644641372174,31.17481317682412,1205,468.730224609375
2020-07-10 20:32:21.424000,121.41645717662428,31.1748023783384,1204,470.30828857421875
2020-07-10 20:32:21.526000,121.41646698018978,31.174792656658013,1204,471.73602294921875
2020-07-10 20:32:21.628000,121.41647734929631,31.174782423255383,1204,473.24200439453125
2020-07-10 20:32:21.732000,121.41647734929631,31.174782423255383,1204,473.24200439453125
2020-07-10 20:32:21.834000,121.4164877142374,31.17477226572522,1205,474.7413635253906
2020-07-10 20:32:21.937000,121.4165086094562,31.17475201548999,1204,477.74505615234375
2020-07-10 20:32:22.040000,121.41651918587436,31.17474187984611,1204,479.25592041015625
2020-07-10 20:32:22.143000,121.4165298065105,31.17473176838137,1204,480.767578125
2020-07-10 20:32:22.244000,121.41654049667773,31.174721658584154,1205,482.2835388183594
2020-07-10 20:32:22.351000,121.41655122689741,31.174711587348494,1205,483.7988586425781
2020-07-10 20:32:22.456000,121.41656203177493,31.174701511318695,1205,485.3193664550781
2020-07-10 20:32:22.559000,121.41657287510284,31.174691490525717,1205,486.8378601074219
2020-07-10 20:32:22.662000,121.41658378443722,31.17468150329171,1204,488.3578796386719
2020-07-10 20:32:22.765000,121.41658378443722,31.17468150329171,1204,488.3578796386719
2020-07-10 20:32:22.867000,121.41660565245068,31.174661630334384,1204,491.3929138183594
2020-07-10 20:32:22.971000,121.41661714302666,31.17465123955893,1204,492.9835205078125
2020-07-10 20:32:23.074000,121.4166385204773,31.174631996926678,1204,495.935546875
2020-07-10 20:32:23.176000,121.4166385204773,31.174631996926678,1204,495.935546875
2020-07-10 20:32:23.280000,121.41666085822625,31.174612092911666,1204,499.00390625
2020-07-10 20:32:23.384000,121.41666085822625,31.174612092911666,1204,499.00390625
2020-07-10 20:32:23.486000,121.41667195724919,31.174602302862688,1204,500.5205078125
2020-07-10 20:32:23.592000,121.4166829944311,31.174592629957456,1205,502.0236511230469
2020-07-10 20:32:23.695000,121.41669403481721,31.174583026463022,1205,503.5215148925781
2020-07-10 20:32:23.799000,121.41670509827354,31.174573439643854,1205,505.01959228515625
2020-07-10 20:32:23.904000,121.41672710951465,31.174554427964043,1205,507.9952087402344
2020-07-10 20:32:24.007000,121.4167379419483,31.174545073764843,1205,509.4594421386719
2020-07-10 20:32:24.110000,121.41674873849489,31.174535725401988,1204,510.9208068847656
2020-07-10 20:32:24.212000,121.41674873849489,31.174535725401988,1204,510.9208068847656
2020-07-10 20:32:24.318000,121.4167707673591,31.174516652232132,1204,513.9024658203125
2020-07-10 20:32:24.421000,121.41678190034654,31.17450701142679,1204,515.4094848632812
2020-07-10 20:32:24.523000,121.41679302051719,31.174497388338917,1204,516.9142456054688
2020-07-10 20:32:24.626000,121.41680418298326,31.174487742947875,1203,518.423583984375
2020-07-10 20:32:24.728000,121.41680418298326,31.174487742947875,1203,518.423583984375
2020-07-10 20:32:24.831000,121.41681532622412,31.174478112564575,1203,519.930419921875
2020-07-10 20:32:24.934000,121.41682652617934,31.174468455709285,1203,521.4431762695312
2020-07-10 20:32:25.045000,121.41686002991895,31.174439560599005,1203,525.968994140625
2020-07-10 20:32:25.146000,121.41686002991895,31.174439560599005,1203,525.968994140625
2020-07-10 20:32:25.248000,121.41687119462796,31.17442994209683,1203,527.4763793945312
2020-07-10 20:32:25.350000,121.41688238529096,31.174420315882344,1203,528.986083984375
2020-07-10 20:32:25.453000,121.41689360799596,31.174410685499044,1203,530.498291015625
2020-07-10 20:32:25.556000,121.4169047941731,31.174401068664395,1203,532.0069580078125
2020-07-10 20:32:25.659000,121.41691591947047,31.174391470589423,1203,533.5100708007812
2020-07-10 20:32:25.763000,121.41691591947047,31.174391470589423,1203,533.5100708007812
2020-07-10 20:32:25.866000,121.41692700471535,31.174381879601437,1203,535.0099487304688
2020-07-10 20:32:25.969000,121.41693819153332,31.174372202944273,1203,536.5233764648438
2020-07-10 20:32:26.072000,121.416971195418,31.174343619453033,1203,540.9911499023438
2020-07-10 20:32:26.176000,121.416971195418,31.174343619453033,1203,540.9911499023438
2020-07-10 20:32:26.278000,121.4169927817824,31.174324763895406,1203,543.926025390625
2020-07-10 20:32:26.382000,121.4169927817824,31.174324763895406,1203,543.926025390625
2020-07-10 20:32:26.484000,121.4170035007874,31.174315309436167,1203,545.3906860351562
2020-07-10 20:32:26.587000,121.41701422555995,31.174305827254297,1203,546.85791015625
2020-07-10 20:32:26.689000,121.41702482857299,31.174296460548646,1203,548.307861328125
2020-07-10 20:32:26.791000,121.41702482857299,31.174296460548646,1203,548.307861328125
2020-07-10 20:32:26.896000,121.41704613040456,31.17427768253101,1203,551.2176513671875
2020-07-10 20:32:27.001000,121.41706785326782,31.174258594561856,1203,554.1801147460938
2020-07-10 20:32:27.103000,121.41707871678217,31.174249043802952,1203,555.6619873046875
2020-07-10 20:32:27.206000,121.41707871678217,31.174249043802952,1203,555.6619873046875
2020-07-10 20:32:27.308000,121.41710049956393,31.174229912269663,1203,558.6318359375
2020-07-10 20:32:27.412000,121.41711141082082,31.174220344627052,1203,560.1182250976562
2020-07-10 20:32:27.514000,121.41711141082082,31.174220344627052,1203,560.1182250976562
2020-07-10 20:32:27.617000,121.41713328011598,31.17420122476645,1202,563.0928955078125
2020-07-10 20:32:27.720000,121.41713328011598,31.17420122476645,1202,563.0928955078125
2020-07-10 20:32:27.823000,121.4171442596223,31.174191661917977,1202,564.58349609375
2020-07-10 20:32:27.926000,121.41715527469525,31.174182098235743,1202,566.0765380859375
2020-07-10 20:32:28.029000,121.41717729971442,31.17416296107455,1202,569.06298828125
2020-07-10 20:32:28.131000,121.41718828114325,31.17415339343194,1202,570.5540771484375
2020-07-10 20:32:28.233000,121.41719926769883,31.174143826831532,1202,572.04541015625
2020-07-10 20:32:28.338000,121.41721025425443,31.17413425627075,1202,573.5370483398438
2020-07-10 20:32:28.440000,121.41722139685446,31.174124557727296,1202,575.0492553710938
2020-07-10 20:32:28.542000,121.41722139685446,31.174124557727296,1202,575.0492553710938
2020-07-10 20:32:28.645000,121.41724366987857,31.174105197325975,1202,578.0699462890625
2020-07-10 20:32:28.748000,121.41724366987857,31.174105197325975,1202,578.0699462890625
2020-07-10 20:32:28.850000,121.41725465931793,31.17409566136637,1202,579.55908203125
2020-07-10 20:32:28.953000,121.41726563145461,31.174086146042406,1203,581.04541015625
2020-07-10 20:32:29.057000,121.41728769171995,31.17406705515508,1202,584.0305786132812
2020-07-10 20:32:29.159000,121.41729873819402,31.174057502103327,1202,585.5248413085938
2020-07-10 20:32:29.262000,121.41730979107652,31.174047954679477,1202,587.0191040039062
2020-07-10 20:32:29.364000,121.41732088048687,31.174038391414122,1202,588.51708984375
2020-07-10 20:32:29.467000,121.41733186992622,31.174028939247734,1202,589.9995727539062
2020-07-10 20:32:29.569000,121.41734281610889,31.17401952355849,1202,591.4762573242188
2020-07-10 20:32:29.672000,121.41735391224806,31.17400999239302,1202,592.9721069335938
2020-07-10 20:32:29.775000,121.41735391224806,31.17400999239302,1202,592.9721069335938
2020-07-10 20:32:29.879000,121.41736512630173,31.17400037472461,1202,594.4827270507812
2020-07-10 20:32:29.982000,121.41737639194297,31.173990736628998,1202,595.9984130859375
2020-07-10 20:32:30.085000,121.41739885273311,31.17397147002605,1202,599.0242919921875
2020-07-10 20:32:30.187000,121.4174100427553,31.173961825677214,1202,600.535400390625
2020-07-10 20:32:30.292000,121.41743245323953,31.17394240461961,1201,603.570068359375
2020-07-10 20:32:30.394000,121.41743245323953,31.17394240461961,1201,603.570068359375
2020-07-10 20:32:30.497000,121.41744369901477,31.1739326072752,1201,605.0969848632812
2020-07-10 20:32:30.599000,121.41746612808333,31.17391299320139,1202,608.1482543945312
2020-07-10 20:32:30.701000,121.41746612808333,31.17391299320139,1202,608.1482543945312
2020-07-10 20:32:30.804000,121.41746612808333,31.17391299320139,1202,608.1482543945312
2020-07-10 20:32:30.907000,121.41748854753934,31.1738933455686,1202,611.2015380859375
2020-07-10 20:32:31.009000,121.41751108106479,31.173873556612932,1201,614.2736206054688
2020-07-10 20:32:31.111000,121.41752240758582,31.173863594808708,1201,615.8190307617188
2020-07-10 20:32:31.214000,121.41752240758582,31.173863594808708,1201,615.8190307617188
2020-07-10 20:32:31.316000,121.41753357005187,31.173853752232638,1201,617.3440551757812
2020-07-10 20:32:31.420000,121.41755567197183,31.173834167548982,1201,620.3712768554688
2020-07-10 20:32:31.523000,121.41755567197183,31.173834167548982,1201,620.3712768554688
2020-07-10 20:32:31.625000,121.41755567197183,31.173834167548982,1201,620.3712768554688
2020-07-10 20:32:31.728000,121.4175776989135,31.17381454096872,1201,623.3969116210938
2020-07-10 20:32:31.832000,121.4175776989135,31.17381454096872,1201,623.3969116210938
2020-07-10 20:32:31.934000,121.4175776989135,31.17381454096872,1201,623.3969116210938
2020-07-10 20:32:32.038000,121.4175776989135,31.17381454096872,1201,623.3969116210938
2020-07-10 20:32:32.140000,121.4175776989135,31.17381454096872,1201,623.3969116210938
2020-07-10 20:32:32.243000,121.4175776989135,31.17381454096872,1201,623.3969116210938
2020-07-10 20:32:32.347000,121.4175776989135,31.17381454096872,1201,623.3969116210938
2020-07-10 20:32:32.450000,121.4175776989135,31.17381454096872,1201,623.3969116210938
2020-07-10 20:32:32.552000,121.4175776989135,31.17381454096872,1201,623.3969116210938
2020-07-10 20:32:32.656000,121.4175776989135,31.17381454096872,1201,623.3969116210938
2020-07-10 20:32:32.758000,121.4175776989135,31.17381454096872,1201,623.3969116210938
2020-07-10 20:32:32.861000,121.41758868162405,31.173804700060177,1201,624.909912109375
2020-07-10 20:32:32.963000,121.41758868162405,31.173804700060177,1201,624.909912109375
2020-07-10 20:32:33.065000,121.41758868162405,31.173804700060177,1201,624.909912109375
2020-07-10 20:32:33.169000,121.41759960954278,31.173794895837222,1201,626.4163818359375
2020-07-10 20:32:33.272000,121.41759960954278,31.173794895837222,1201,626.4163818359375
2020-07-10 20:32:33.374000,121.41759960954278,31.173794895837222,1201,626.4163818359375
2020-07-10 20:32:33.477000,121.41759960954278,31.173794895837222,1201,626.4163818359375
2020-07-10 20:32:33.580000,121.41759960954278,31.173794895837222,1201,626.4163818359375
2020-07-10 20:32:33.683000,121.41759960954278,31.173794895837222,1201,626.4163818359375
2020-07-10 20:32:33.786000,121.41759960954278,31.173794895837222,1201,626.4163818359375
2020-07-10 20:32:33.888000,121.41759960954278,31.173794895837222,1201,626.4163818359375
2020-07-10 20:32:33.990000,121.41759960954278,31.173794895837222,1201,626.4163818359375
2020-07-10 20:32:34.092000,121.41759960954278,31.173794895837222,1201,626.4163818359375
2020-07-10 20:32:34.194000,121.41759960954278,31.173794895837222,1201,626.4163818359375
2020-07-10 20:32:34.296000,121.41759960954278,31.173794895837222,1201,626.4163818359375
2020-07-10 20:32:34.399000,121.41759960954278,31.173794895837222,1201,626.4163818359375
2020-07-10 20:32:34.502000,121.41759960954278,31.173794895837222,1201,626.4163818359375
2020-07-10 20:32:34.605000,121.41759960954278,31.173794895837222,1201,626.4163818359375
2020-07-10 20:32:34.706000,121.41759960954278,31.173794895837222,1201,626.4163818359375
2020-07-10 20:32:34.809000,121.41759960954278,31.173794895837222,1201,626.4163818359375
2020-07-10 20:32:34.912000,121.41759960954278,31.173794895837222,1201,626.4163818359375
2020-07-10 20:32:35.014000,121.41759960954278,31.173794895837222,1201,626.4163818359375
2020-07-10 20:32:35.116000,121.41759960954278,31.173794895837222,1201,626.4163818359375
2020-07-10 20:32:35.217000,121.41759960954278,31.173794895837222,1201,626.4163818359375
2020-07-10 20:32:35.319000,121.41759960954278,31.173794895837222,1201,626.4163818359375
2020-07-10 20:32:35.422000,121.41759960954278,31.173794895837222,1201,626.4163818359375
2020-07-10 20:32:35.525000,121.41759960954278,31.173794895837222,1201,626.4163818359375
2020-07-10 20:32:35.626000,121.41759960954278,31.173794895837222,1201,626.4163818359375
2020-07-10 20:32:35.730000,121.41759960954278,31.173794895837222,1201,626.4163818359375
2020-07-10 20:32:35.832000,121.41759960954278,31.173794895837222,1201,626.4163818359375
2020-07-10 20:32:35.933000,121.41759960954278,31.173794895837222,1201,626.4163818359375
